SYMBOL, SERIES, DATE1, PREV_CLOSE, OPEN_PRICE, HIGH_PRICE, LOW_PRICE, LAST_PRICE, CLOSE_PRICE, AVG_PRICE, TTL_TRD_QNTY, TURNOVER_LACS, NO_OF_TRADES, DELIV_QTY, DELIV_PER
20MICRONS, EQ, 02-Jul-2026, 199.35, 201.74, 203.00, 198.40, 201.00, 201.78, 200.55, 108892, 218.39, 2559, 48698, 44.72
21STCENMGM, EQ, 02-Jul-2026, 32.27, 32.28, 32.69, 31.63, 31.75, 31.75, 31.69, 4582, 1.45, 39, 4269, 93.17
360ONE, EQ, 02-Jul-2026, 1065.90, 1075.00, 1081.60, 1060.60, 1081.60, 1070.00, 1069.76, 905046, 9681.86, 41611, 485053, 53.59
3BBLACKBIO, EQ, 02-Jul-2026, 1201.10, 1191.50, 1215.00, 1186.20, 1194.00, 1205.80, 1201.35, 2293, 27.55, 367, 1360, 59.31
3IINFOLTD, EQ, 02-Jul-2026, 17.17, 17.00, 17.87, 17.00, 17.48, 17.41, 17.45, 347711, 60.68, 998, 196387, 56.48
3MINDIA, EQ, 02-Jul-2026, 33435.00, 33500.00, 34150.00, 33320.00, 34000.00, 33960.00, 33747.60, 2869, 968.22, 1651, 1413, 49.25
3PLAND, EQ, 02-Jul-2026, 31.97, 33.35, 33.35, 31.63, 31.63, 32.67, 32.87, 3074, 1.01, 68, 2377, 77.33
5PAISA, EQ, 02-Jul-2026, 363.45, 363.50, 394.00, 363.50, 386.00, 385.30, 383.69, 327646, 1257.14, 10390, 107619, 32.85
610GS2031, GS, 02-Jul-2026, 99.00, 103.95, 103.95, 103.95, 103.95, 103.95, 103.95, 1, 0.00, 1, 1, 100.00
63MOONS, EQ, 02-Jul-2026, 664.70, 667.90, 675.00, 654.00, 658.90, 661.50, 663.26, 101251, 671.56, 3837, 50076, 49.46
645GS2029, GS, 02-Jul-2026, 100.06, 100.26, 100.26, 100.25, 100.25, 100.25, 100.25, 3800, 3.81, 4, 3800, 100.00
648GS2035, GS, 02-Jul-2026, 99.96, 97.96, 98.90, 97.96, 98.64, 98.64, 98.59, 3176, 3.13, 8, 2675, 84.23
667GS2050, GS, 02-Jul-2026, 93.00, 94.20, 94.25, 94.20, 94.25, 94.25, 94.25, 5000, 4.71, 4, 5000, 100.00
668GS2040, GS, 02-Jul-2026, 100.79, 100.00, 100.89, 100.00, 100.89, 100.89, 100.00, 3178, 3.18, 5, 3171, 99.78
676GS2061, GS, 02-Jul-2026, 94.06, 94.40, 94.40, 93.61, 94.40, 94.40, 93.76, 1237, 1.16, 6, 1237, 100.00
679GS2031, GS, 02-Jul-2026, 100.50, 101.40, 101.40, 101.40, 101.40, 101.40, 101.40, 1650, 1.67, 1, 1650, 100.00
679GS2034, GS, 02-Jul-2026, 101.00, 100.55, 100.55, 100.50, 100.50, 100.50, 100.55, 1100, 1.11, 5, 1100, 100.00
68GS2060, GS, 02-Jul-2026, 93.95, 94.35, 94.35, 94.05, 94.05, 94.05, 94.08, 303, 0.29, 3, 303, 100.00
690GS2065, GS, 02-Jul-2026, 94.48, 95.19, 95.19, 94.50, 95.18, 95.10, 94.90, 12353, 11.72, 19, 11352, 91.90
694GS2036, GS, 02-Jul-2026, 102.00, 102.00, 102.00, 101.50, 101.50, 101.50, 101.50, 501, 0.51, 3, 501, 100.00
695GS2061, GS, 02-Jul-2026, 94.95, 94.95, 94.95, 94.95, 94.95, 94.95, 94.95, 316, 0.30, 3, 316, 100.00
699GS2051, GS, 02-Jul-2026, 95.65, 97.84, 97.90, 96.51, 96.51, 96.51, 97.68, 1406, 1.37, 16, 1406, 100.00
704GS2029, GS, 02-Jul-2026, 100.76, 101.75, 102.80, 101.15, 102.80, 102.80, 101.42, 22700, 23.02, 6, 10000, 44.05
706GS2028, GS, 02-Jul-2026, 102.60, 102.48, 102.80, 102.48, 102.80, 102.75, 102.63, 4699, 4.82, 8, 2400, 51.07
709GS2054, GS, 02-Jul-2026, 99.38, 99.60, 100.00, 99.41, 99.99, 99.99, 99.69, 37715, 37.60, 24, 21642, 57.38
709GS2074, GS, 02-Jul-2026, 95.71, 96.25, 96.41, 95.92, 96.30, 96.27, 96.06, 40253, 38.67, 37, 34141, 84.82
710GS2029, GS, 02-Jul-2026, 103.08, 102.86, 103.75, 102.86, 103.75, 103.75, 103.67, 1100, 1.14, 2, 1000, 90.91
717GS2028, GS, 02-Jul-2026, 104.60, 103.86, 104.50, 103.86, 104.08, 104.08, 103.99, 295, 0.31, 3, 220, 74.58
717GS2030, GS, 02-Jul-2026, 103.70, 103.50, 103.50, 103.00, 103.00, 103.00, 103.17, 373, 0.38, 4, 373, 100.00
718GS2037, GS, 02-Jul-2026, 104.60, 104.25, 105.00, 104.25, 105.00, 105.00, 104.98, 24500, 25.72, 5, 24500, 100.00
71GS2034, GS, 02-Jul-2026, 102.00, 102.11, 103.95, 102.11, 103.95, 103.95, 102.11, 17000, 17.36, 5, 17000, 100.00
723GS2039, GS, 02-Jul-2026, 105.50, 105.00, 105.00, 105.00, 105.00, 105.00, 105.00, 7671, 8.05, 25, 7671, 100.00
724GS2055, GS, 02-Jul-2026, 101.61, 101.61, 102.00, 101.61, 102.00, 101.76, 101.78, 18215, 18.54, 23, 18215, 100.00
725GS2063, GS, 02-Jul-2026, 98.05, 98.10, 98.75, 98.10, 98.70, 98.59, 98.38, 77145, 75.90, 54, 76145, 98.70
726GS2032, GS, 02-Jul-2026, 106.00, 106.00, 106.15, 106.00, 106.15, 106.15, 106.01, 16962, 17.98, 4, 16075, 94.77
726GS2033, GS, 02-Jul-2026, 104.50, 104.90, 105.10, 104.90, 105.10, 105.10, 105.10, 770, 0.81, 3, 760, 98.70
733GS2026, GS, 02-Jul-2026, 101.07, 98.54, 101.50, 98.54, 101.20, 101.21, 101.17, 446, 0.45, 7, 323, 72.42
734GS2064, GS, 02-Jul-2026, 100.00, 100.40, 100.60, 100.10, 100.60, 100.28, 100.34, 43946, 44.10, 30, 36045, 82.02
736GS2052, GS, 02-Jul-2026, 101.20, 102.50, 102.50, 102.50, 102.50, 102.50, 102.50, 840, 0.86, 3, 840, 100.00
737GS2028, GS, 02-Jul-2026, 103.60, 103.90, 103.90, 103.90, 103.90, 103.90, 103.90, 100, 0.10, 1, 100, 100.00
738GS2027, GS, 02-Jul-2026, 101.50, 101.52, 101.90, 101.52, 101.86, 101.88, 101.82, 57767, 58.82, 24, 56767, 98.27
73GS2053, GS, 02-Jul-2026, 100.40, 100.29, 100.35, 100.10, 100.11, 100.10, 100.16, 7320, 7.33, 11, 7313, 99.90
741GS2036, GS, 02-Jul-2026, 104.00, 104.00, 104.85, 104.00, 104.85, 104.65, 104.29, 16845, 17.57, 10, 16345, 97.03
743GS2076, GS, 02-Jul-2026, 103.71, 103.71, 105.00, 103.71, 105.00, 105.00, 104.98, 8500, 8.92, 3, 8500, 100.00
746GS2073, GS, 02-Jul-2026, 101.50, 101.02, 101.02, 101.02, 101.02, 101.02, 101.02, 5000, 5.05, 3, 5000, 100.00
74GS2035, GS, 02-Jul-2026, 104.75, 104.50, 104.50, 104.50, 104.50, 104.50, 104.50, 399, 0.42, 2, 399, 100.00
74GS2062, GS, 02-Jul-2026, 102.49, 101.62, 102.45, 101.50, 102.39, 102.37, 101.68, 4263, 4.33, 10, 3111, 72.98
750GS2056, GS, 02-Jul-2026, 100.98, 100.50, 101.26, 100.50, 101.26, 101.26, 100.69, 400, 0.40, 2, 400, 100.00
754GS2036, GS, 02-Jul-2026, 106.10, 107.80, 107.80, 106.00, 107.19, 107.00, 106.73, 420352, 448.65, 193, 420348, 100.00
772GS2049, GS, 02-Jul-2026, 110.69, 110.69, 110.75, 110.69, 110.75, 110.72, 110.72, 200, 0.22, 2, 200, 100.00
828GS2027, GS, 02-Jul-2026, 159.41, 167.35, 167.35, 167.35, 167.35, 167.35, 167.35, 2, 0.00, 1, 2, 100.00
897GS2030, GS, 02-Jul-2026, 109.80, 109.00, 109.00, 109.00, 109.00, 109.00, 109.00, 1000, 1.09, 3, 1000, 100.00
92GS2030, GS, 02-Jul-2026, 113.10, 118.50, 118.50, 112.50, 113.75, 113.73, 113.40, 14554, 16.50, 13, 14552, 99.99
A2ZINFRA, EQ, 02-Jul-2026, 13.37, 13.75, 13.99, 13.20, 13.80, 13.70, 13.47, 209016, 28.16, 497, 175644, 84.03
AAATECH, EQ, 02-Jul-2026, 97.75, 98.79, 102.20, 97.50, 98.11, 98.34, 99.05, 61056, 60.48, 1228, 25088, 41.09
AADHARHFC, EQ, 02-Jul-2026, 517.75, 518.00, 542.00, 518.00, 536.85, 535.70, 535.96, 1367797, 7330.87, 47900, 669550, 48.95
AAKAAR, SM, 02-Jul-2026, 71.70, 74.95, 74.95, 70.00, 72.70, 72.60, 72.18, 9600, 6.93, 6, 8000, 83.33
AAKASH, EQ, 02-Jul-2026, 9.11, 9.14, 9.25, 8.88, 9.06, 9.03, 9.04, 88403, 8.00, 531, 58973, 66.71
AARADHYA, SM, 02-Jul-2026, 78.00, 75.00, 75.05, 67.15, 67.15, 70.40, 73.27, 10800, 7.91, 9, 8400, 77.78
AAREYDRUGS, BE, 02-Jul-2026, 88.36, 86.60, 87.03, 86.60, 86.60, 86.60, 86.60, 1777, 1.54, 13, -, -
AARNAV, EQ, 02-Jul-2026, 24.89, 24.89, 25.20, 24.57, 25.00, 25.06, 24.99, 38799, 9.70, 528, 16587, 42.75
AARON, EQ, 02-Jul-2026, 117.66, 116.01, 118.93, 116.01, 118.69, 117.57, 117.76, 3930, 4.63, 128, 2669, 67.91
AARTECH, EQ, 02-Jul-2026, 48.09, 48.09, 48.69, 46.81, 47.38, 48.19, 48.11, 28559, 13.74, 629, 15994, 56.00
AARTIDRUGS, EQ, 02-Jul-2026, 375.55, 376.10, 388.00, 376.10, 383.50, 384.45, 383.22, 152506, 584.43, 3728, 96910, 63.55
AARTIIND, EQ, 02-Jul-2026, 467.60, 468.00, 488.00, 468.00, 482.00, 482.05, 482.12, 1032310, 4977.02, 25282, 373240, 36.16
AARTIPHARM, EQ, 02-Jul-2026, 701.70, 705.00, 714.40, 691.05, 701.00, 697.20, 700.84, 262220, 1837.74, 12442, 150296, 57.32
AARTISURF, EQ, 02-Jul-2026, 379.85, 383.00, 383.10, 377.80, 380.65, 381.10, 380.86, 2428, 9.25, 268, 1867, 76.89
AARVI, EQ, 02-Jul-2026, 144.69, 144.69, 146.00, 142.27, 143.80, 143.20, 144.71, 6602, 9.55, 236, 4666, 70.68
AATMAJ, SM, 02-Jul-2026, 18.75, 18.75, 18.75, 18.75, 18.75, 18.75, 18.75, 6000, 1.13, 2, 6000, 100.00
AAVAS, EQ, 02-Jul-2026, 1518.30, 1520.00, 1533.90, 1501.80, 1503.00, 1503.90, 1511.30, 56476, 853.52, 9839, 32644, 57.80
ABAN, BE, 02-Jul-2026, 13.83, 14.52, 14.52, 14.52, 14.52, 14.52, 14.52, 20825, 3.02, 86, -, -
ABANSENT, BE, 02-Jul-2026, 28.85, 29.99, 29.99, 27.72, 29.42, 29.73, 29.12, 5206, 1.52, 55, -, -
ABB, EQ, 02-Jul-2026, 6937.00, 6950.00, 6961.00, 6830.50, 6858.00, 6861.00, 6862.64, 264804, 18172.53, 40370, 95206, 35.95
ABBOTINDIA, EQ, 02-Jul-2026, 25550.00, 25600.00, 25825.00, 25550.00, 25765.00, 25725.00, 25698.81, 4925, 1265.67, 2620, 2850, 57.87
ABCAPITAL, EQ, 02-Jul-2026, 393.15, 392.50, 397.35, 389.40, 392.70, 392.95, 392.18, 2941678, 11536.72, 39597, 1327669, 45.13
ABCOTS, EQ, 02-Jul-2026, 220.35, 224.90, 225.99, 218.01, 224.00, 219.72, 221.16, 28062, 62.06, 885, 15310, 54.56
ABDL, EQ, 02-Jul-2026, 669.55, 673.10, 675.00, 661.00, 672.50, 672.95, 668.41, 213375, 1426.22, 12265, 94382, 44.23
ABFRL, EQ, 02-Jul-2026, 58.67, 58.97, 63.84, 58.82, 62.00, 61.88, 62.03, 30179838, 18720.24, 88970, 8595604, 28.48
ABGSEC, EQ, 02-Jul-2026, 113.66, 115.05, 115.05, 114.90, 114.97, 114.92, 114.99, 117, 0.13, 6, 117, 100.00
ABINFRA, EQ, 02-Jul-2026, 11.00, 11.07, 11.48, 10.80, 11.08, 10.93, 11.06, 2244367, 248.24, 2828, 471008, 20.99
ABLBL, EQ, 02-Jul-2026, 96.12, 97.09, 99.65, 97.09, 98.35, 98.29, 98.54, 1280095, 1261.42, 13146, 509174, 39.78
ABMINTLLTD, EQ, 02-Jul-2026, 41.55, 41.90, 41.90, 40.51, 41.90, 41.25, 41.39, 355, 0.15, 10, 273, 76.90
ABMKNO, EQ, 02-Jul-2026, 202.72, 206.00, 215.00, 199.99, 211.30, 213.29, 207.79, 12380, 25.72, 221, 10486, 84.70
ABREL, EQ, 02-Jul-2026, 1396.00, 1412.40, 1444.00, 1404.00, 1420.00, 1424.10, 1421.97, 289532, 4117.04, 19279, 135882, 46.93
ABSL10BANK, EQ, 02-Jul-2026, 172.79, 173.56, 176.00, 173.10, 176.00, 173.72, 173.82, 1014, 1.76, 28, 784, 77.32
ABSLAMC, EQ, 02-Jul-2026, 1144.60, 1138.90, 1198.00, 1138.90, 1198.00, 1191.30, 1178.81, 260053, 3065.53, 21028, 140175, 53.90
ABSLBANETF, EQ, 02-Jul-2026, 59.46, 59.49, 59.80, 59.34, 59.52, 59.52, 59.57, 12916, 7.69, 233, 7707, 59.67
ABSLLIQUID, EQ, 02-Jul-2026, 1000.00, 1000.00, 1000.01, 999.99, 1000.01, 1000.00, 1000.00, 5554, 55.54, 45, 5484, 98.74
ABSLMSCIN, EQ, 02-Jul-2026, 29.22, 29.08, 29.78, 29.08, 29.56, 29.55, 29.52, 11946, 3.53, 25, 7593, 63.56
ABSLNN50ET, EQ, 02-Jul-2026, 75.67, 75.02, 76.25, 75.02, 75.87, 75.94, 76.00, 15804, 12.01, 166, 13496, 85.40
ABSLPSE, EQ, 02-Jul-2026, 10.36, 10.45, 10.45, 10.36, 10.40, 10.39, 10.40, 46294, 4.81, 285, 34874, 75.33
ABSMARINE, ST, 02-Jul-2026, 233.60, 233.65, 240.00, 233.65, 240.00, 239.15, 239.34, 59500, 142.41, 104, 55000, 92.44
ACC, EQ, 02-Jul-2026, 1332.20, 1336.00, 1363.00, 1335.30, 1352.00, 1350.70, 1349.44, 160173, 2161.44, 13445, 70784, 44.19
ACCELYA, EQ, 02-Jul-2026, 1101.00, 1103.90, 1115.00, 1100.00, 1110.00, 1106.60, 1104.20, 5002, 55.23, 583, 3577, 71.51
ACCENTMIC, SM, 02-Jul-2026, 496.30, 499.80, 508.90, 491.95, 495.00, 497.60, 500.68, 61000, 305.41, 109, 30500, 50.00
ACCORD, ST, 02-Jul-2026, 154.15, 161.85, 161.85, 161.85, 161.85, 161.85, 161.85, 6000, 9.71, 3, 6000, 100.00
ACCPL, ST, 02-Jul-2026, 169.00, 165.25, 165.25, 160.55, 161.10, 162.00, 161.11, 84000, 135.34, 38, 81600, 97.14
ACCURACY, BE, 02-Jul-2026, 5.47, 5.62, 5.62, 5.32, 5.46, 5.45, 5.47, 33100, 1.81, 135, -, -
ACE, EQ, 02-Jul-2026, 999.10, 1008.20, 1019.90, 994.30, 1015.00, 1016.70, 1007.27, 208900, 2104.18, 11787, 103442, 49.52
ACEINTEG, EQ, 02-Jul-2026, 22.47, 23.00, 23.00, 21.15, 21.17, 21.38, 21.80, 8348, 1.82, 113, 5062, 60.64
ACETEC, SM, 02-Jul-2026, 123.30, 118.00, 126.80, 118.00, 126.80, 126.80, 118.12, 85200, 100.64, 24, 84000, 98.59
ACI, EQ, 02-Jul-2026, 518.25, 521.00, 533.75, 516.55, 532.45, 531.70, 526.92, 125107, 659.21, 8000, 62341, 49.83
ACL, EQ, 02-Jul-2026, 52.19, 53.23, 53.50, 51.80, 52.38, 52.03, 52.14, 17048, 8.89, 212, 13658, 80.11
ACMESOLAR, EQ, 02-Jul-2026, 390.80, 392.30, 395.00, 379.30, 393.75, 393.25, 389.80, 1452755, 5662.79, 22976, 528585, 36.39
ACSTECH, EQ, 02-Jul-2026, 44.05, 44.95, 44.95, 43.58, 44.01, 44.24, 44.29, 118571, 52.51, 821, 70879, 59.78
ACUTAAS, EQ, 02-Jul-2026, 3567.50, 3600.00, 3725.00, 3579.70, 3700.00, 3691.80, 3654.86, 402261, 14702.07, 43524, 148798, 36.99
ADANIENSOL, EQ, 02-Jul-2026, 1521.40, 1524.90, 1570.30, 1495.90, 1556.80, 1556.90, 1545.24, 2583245, 39917.24, 74429, 847313, 32.80
ADANIENT, EQ, 02-Jul-2026, 3143.60, 3155.90, 3229.60, 3147.00, 3165.00, 3177.50, 3178.32, 3400034, 108063.81, 125495, 1223983, 36.00
ADANIGREEN, EQ, 02-Jul-2026, 1535.00, 1535.10, 1563.60, 1510.00, 1552.00, 1555.20, 1542.77, 2378828, 36699.83, 57087, 595313, 25.03
ADANIPORTS, EQ, 02-Jul-2026, 1848.20, 1858.50, 1888.00, 1845.50, 1882.90, 1883.20, 1870.00, 3089068, 57765.46, 92042, 1614780, 52.27
ADANIPOWER, EQ, 02-Jul-2026, 226.86, 226.87, 228.45, 223.50, 224.55, 224.55, 225.64, 20862324, 47074.27, 89583, 6397856, 30.67
ADDICTIVE, SM, 02-Jul-2026, 40.75, 42.65, 42.75, 42.00, 42.75, 42.75, 42.73, 71500, 30.55, 52, 64000, 89.51
ADFFOODS, EQ, 02-Jul-2026, 307.85, 315.30, 346.95, 311.55, 317.45, 317.10, 332.94, 15187964, 50567.42, 175576, 1026158, 6.76
ADISOFT, SM, 02-Jul-2026, 183.00, 183.00, 201.65, 183.00, 197.00, 196.45, 194.18, 137600, 267.19, 165, 89600, 65.12
ADL, EQ, 02-Jul-2026, 72.91, 69.10, 72.86, 69.10, 70.25, 70.32, 70.02, 249, 0.17, 27, 102, 40.96
ADOR, EQ, 02-Jul-2026, 1248.40, 1259.60, 1298.00, 1235.00, 1285.00, 1286.10, 1279.04, 24888, 318.33, 2690, 13061, 52.48
ADROITINFO, EQ, 02-Jul-2026, 9.02, 9.23, 9.25, 8.99, 9.01, 9.01, 9.06, 40390, 3.66, 106, 29827, 73.85
ADSL, EQ, 02-Jul-2026, 125.59, 125.59, 128.00, 125.17, 126.54, 126.16, 126.23, 123969, 156.49, 2270, 48340, 38.99
ADVAIT, EQ, 02-Jul-2026, 2305.20, 2328.70, 2340.30, 2253.60, 2260.00, 2262.50, 2277.43, 27120, 617.64, 4411, 14115, 52.05
ADVANCE, EQ, 02-Jul-2026, 106.83, 107.74, 117.00, 107.00, 114.90, 114.81, 113.61, 826722, 939.21, 10265, 341652, 41.33
ADVANIHOTR, EQ, 02-Jul-2026, 53.55, 54.00, 54.40, 53.60, 54.39, 54.27, 54.07, 27565, 14.90, 526, 20318, 73.71
ADVENTHTL, EQ, 02-Jul-2026, 138.14, 138.65, 142.50, 138.65, 142.50, 142.18, 140.87, 87514, 123.28, 1848, 57463, 65.66
ADVENZYMES, EQ, 02-Jul-2026, 314.60, 319.55, 326.55, 298.50, 311.00, 313.45, 309.38, 1582589, 4896.26, 20540, 982794, 62.10
AEGISLOG, EQ, 02-Jul-2026, 1254.70, 1245.00, 1335.00, 1221.20, 1304.90, 1321.90, 1292.69, 4447583, 57493.65, 110108, 1013114, 22.78
AEGISVOPAK, EQ, 02-Jul-2026, 235.50, 236.20, 237.00, 230.41, 235.09, 234.73, 234.29, 961446, 2252.54, 29357, 584686, 60.81
AEPL, EQ, 02-Jul-2026, 17.43, 17.60, 17.90, 17.02, 17.39, 17.08, 17.41, 10493, 1.83, 112, 8155, 77.72
AEQUS, EQ, 02-Jul-2026, 237.86, 240.20, 240.57, 228.40, 231.00, 230.44, 234.73, 6735963, 15811.09, 51581, 2024129, 30.05
AEROENTER, EQ, 02-Jul-2026, 139.89, 140.59, 143.90, 135.18, 136.85, 136.66, 138.58, 873462, 1210.47, 8754, 333600, 38.19
AEROFLEX, EQ, 02-Jul-2026, 488.50, 500.00, 508.00, 468.00, 478.40, 478.40, 486.84, 2036402, 9913.94, 34265, 695268, 34.14
AERON, SM, 02-Jul-2026, 76.50, 77.95, 82.00, 77.95, 82.00, 82.00, 79.27, 20000, 15.85, 15, 20000, 100.00
AERONEU, EQ, 02-Jul-2026, 95.11, 94.89, 94.89, 89.01, 91.00, 89.72, 92.13, 90207, 83.10, 798, 33407, 37.03
AESTHETIK, SM, 02-Jul-2026, 73.45, 75.80, 75.80, 75.80, 75.80, 75.80, 75.80, 1000, 0.76, 1, 1000, 100.00
AETHER, EQ, 02-Jul-2026, 1326.90, 1326.50, 1377.00, 1309.60, 1373.00, 1372.40, 1361.54, 456847, 6220.16, 49251, 214969, 47.05
AFCONS, EQ, 02-Jul-2026, 309.00, 307.95, 315.10, 307.60, 314.15, 314.40, 311.74, 267103, 832.67, 7818, 117682, 44.06
AFFLE, EQ, 02-Jul-2026, 1430.90, 1439.10, 1469.80, 1432.00, 1458.00, 1458.20, 1456.56, 193329, 2815.96, 17950, 111879, 57.87
AFFORDABLE, BE, 02-Jul-2026, 173.26, 170.00, 174.00, 170.00, 173.70, 172.36, 171.42, 17653, 30.26, 213, -, -
AFIL, BE, 02-Jul-2026, 10.52, 10.35, 10.60, 10.30, 10.45, 10.36, 10.41, 165200, 17.19, 351, -, -
AFSL, EQ, 02-Jul-2026, 201.29, 201.04, 203.59, 201.00, 201.00, 201.15, 201.19, 13059, 26.27, 299, 9394, 71.94
AGARIND, EQ, 02-Jul-2026, 529.70, 526.00, 555.00, 526.00, 547.45, 547.60, 544.51, 52873, 287.90, 4680, 20770, 39.28
AGARWALEYE, EQ, 02-Jul-2026, 469.05, 469.05, 479.85, 467.90, 479.40, 476.60, 472.84, 66499, 314.43, 9936, 37882, 56.97
AGARWALTUF, SM, 02-Jul-2026, 132.00, 132.00, 136.90, 132.00, 132.00, 132.00, 133.39, 45600, 60.83, 31, 34800, 76.32
AGI, EQ, 02-Jul-2026, 700.85, 704.00, 720.50, 697.15, 700.00, 702.70, 710.84, 112274, 798.09, 7490, 50634, 45.10
AGIIL, EQ, 02-Jul-2026, 360.35, 361.95, 366.05, 352.50, 356.80, 357.55, 358.71, 1198957, 4300.76, 10992, 279098, 23.28
AGNI, SM, 02-Jul-2026, 18.60, 18.60, 18.60, 17.80, 17.80, 17.80, 17.93, 17500, 3.14, 4, 17500, 100.00
AGRITECH, BE, 02-Jul-2026, 114.00, 114.00, 116.00, 111.01, 112.93, 112.60, 113.25, 2971, 3.36, 47, -, -
AGROPHOS, EQ, 02-Jul-2026, 30.83, 30.62, 31.68, 30.50, 30.94, 30.76, 31.04, 29609, 9.19, 199, 19944, 67.36
AGUL, SM, 02-Jul-2026, 63.90, 60.75, 60.75, 60.75, 60.75, 60.75, 60.75, 2000, 1.22, 1, 2000, 100.00
AHCL, EQ, 02-Jul-2026, 15.90, 15.96, 16.14, 15.85, 15.93, 15.90, 15.97, 3450989, 550.98, 4517, 1503711, 43.57
AHLADA, EQ, 02-Jul-2026, 38.51, 39.55, 39.90, 38.30, 38.78, 38.71, 38.79, 12506, 4.85, 141, 8425, 67.37
AHLEAST, EQ, 02-Jul-2026, 144.72, 147.10, 147.10, 144.00, 144.10, 144.89, 145.20, 4452, 6.46, 56, 3515, 78.95
AHLUCONT, EQ, 02-Jul-2026, 843.90, 844.00, 859.95, 841.15, 852.30, 856.15, 849.49, 20600, 175.00, 3683, 12632, 61.32
AHLWEST, BE, 02-Jul-2026, 588.20, 558.80, 615.00, 558.80, 582.90, 582.90, 595.23, 129, 0.77, 14, -, -
AIAENG, EQ, 02-Jul-2026, 4996.00, 5019.00, 5038.50, 4760.00, 4809.00, 4800.00, 4830.57, 131346, 6344.77, 24475, 75119, 57.19
AIIL, EQ, 02-Jul-2026, 513.95, 514.95, 529.80, 510.00, 525.00, 523.00, 520.89, 404652, 2107.80, 17638, 145617, 35.99
AIMTRON, SM, 02-Jul-2026, 1234.95, 1235.00, 1260.00, 1226.30, 1242.00, 1243.25, 1245.02, 16200, 201.69, 73, 9600, 59.26
AIRAN, EQ, 02-Jul-2026, 15.97, 16.25, 16.25, 16.00, 16.15, 16.15, 16.15, 36965, 5.97, 191, 24931, 67.44
AIROLAM, EQ, 02-Jul-2026, 95.25, 94.02, 95.31, 89.00, 92.00, 92.40, 91.58, 15205, 13.92, 214, 12561, 82.61
AISL, SM, 02-Jul-2026, 54.95, 57.65, 57.65, 57.65, 57.65, 57.65, 57.65, 6600, 3.80, 11, 6600, 100.00
AJANTPHARM, EQ, 02-Jul-2026, 3347.50, 3358.70, 3360.00, 3293.90, 3340.00, 3345.30, 3333.11, 76713, 2556.93, 15825, 27314, 35.61
AJAXENGG, EQ, 02-Jul-2026, 539.85, 540.30, 549.40, 539.70, 547.00, 543.75, 543.70, 20274, 110.23, 1649, 10091, 49.77
AJMERA, EQ, 02-Jul-2026, 133.10, 132.24, 136.25, 132.24, 134.50, 135.00, 134.42, 800054, 1075.41, 8154, 314523, 39.31
AJOONI, EQ, 02-Jul-2026, 3.73, 3.76, 3.91, 3.76, 3.79, 3.80, 3.83, 493405, 18.89, 549, 350418, 71.02
AKANKSHA, ST, 02-Jul-2026, 86.00, 86.00, 89.00, 84.05, 85.00, 85.00, 87.60, 35000, 30.66, 8, 35000, 100.00
AKASH, EQ, 02-Jul-2026, 26.24, 26.24, 26.98, 26.06, 26.75, 26.75, 26.72, 1975, 0.53, 27, 1776, 89.92
AKCAPIT, EQ, 02-Jul-2026, 1754.80, 1754.80, 1770.00, 1744.40, 1765.00, 1765.40, 1766.27, 2213, 39.09, 120, 2020, 91.28
AKG, EQ, 02-Jul-2026, 10.87, 10.67, 11.50, 10.67, 11.03, 11.23, 11.20, 12992, 1.46, 75, 10459, 80.50
AKI, EQ, 02-Jul-2026, 4.74, 4.74, 5.11, 4.70, 5.00, 4.90, 4.87, 55201, 2.69, 115, 50845, 92.11
AKIKO, ST, 02-Jul-2026, 286.00, 273.05, 285.00, 273.05, 285.00, 279.80, 278.82, 6400, 17.84, 8, 6400, 100.00
AKSHAR, EQ, 02-Jul-2026, 0.43, 0.43, 0.46, 0.43, 0.45, 0.45, 0.45, 1726533, 7.74, 314, 872623, 50.54
AKSHARCHEM, BE, 02-Jul-2026, 242.90, 239.00, 239.00, 230.76, 232.00, 233.64, 233.22, 7471, 17.42, 99, -, -
AKSHOPTFBR, BE, 02-Jul-2026, 6.86, 6.73, 6.73, 6.73, 6.73, 6.73, 6.73, 32384, 2.18, 93, -, -
AKUMS, EQ, 02-Jul-2026, 630.85, 633.00, 640.00, 629.30, 637.90, 637.45, 635.50, 182599, 1160.42, 10380, 91663, 50.20
ALANKIT, EQ, 02-Jul-2026, 8.15, 8.25, 8.30, 8.06, 8.17, 8.09, 8.13, 149728, 12.17, 411, 120076, 80.20
ALBERTDAVD, EQ, 02-Jul-2026, 717.25, 711.00, 720.85, 711.00, 716.60, 715.30, 715.44, 414, 2.96, 61, 307, 74.15
ALCODIS, ST, 02-Jul-2026, 71.90, 74.95, 74.95, 74.95, 74.95, 74.95, 74.95, 625, 0.47, 1, 625, 100.00
ALEMBICLTD, EQ, 02-Jul-2026, 91.54, 91.91, 93.90, 91.54, 93.20, 93.31, 93.00, 416644, 387.49, 3051, 214955, 51.59
ALGOQUANT, EQ, 02-Jul-2026, 57.04, 57.49, 59.34, 56.23, 59.34, 58.17, 57.18, 1238290, 708.02, 3623, 568621, 45.92
ALICON, EQ, 02-Jul-2026, 660.55, 663.00, 663.00, 646.50, 648.50, 649.20, 651.37, 12507, 81.47, 639, 10329, 82.59
ALIVUS, EQ, 02-Jul-2026, 1136.40, 1144.00, 1192.00, 1144.00, 1153.00, 1159.20, 1166.83, 310932, 3628.05, 15210, 225619, 72.56
ALKALI, BE, 02-Jul-2026, 82.00, 82.50, 85.00, 82.50, 84.99, 84.99, 84.03, 1720, 1.45, 40, -, -
ALKEM, EQ, 02-Jul-2026, 5567.50, 5545.00, 5576.00, 5487.00, 5499.00, 5500.50, 5517.56, 163412, 9016.35, 26201, 106393, 65.11
ALKYLAMINE, EQ, 02-Jul-2026, 1765.90, 1770.00, 1849.00, 1763.60, 1830.00, 1827.90, 1818.95, 135056, 2456.60, 19542, 34753, 25.73
ALLCARGO, EQ, 02-Jul-2026, 8.19, 8.26, 8.48, 8.21, 8.39, 8.37, 8.36, 5142904, 430.16, 4946, 2616950, 50.88
ALLDIGI, EQ, 02-Jul-2026, 803.50, 796.10, 840.35, 796.10, 825.00, 822.10, 825.12, 8096, 66.80, 745, 4117, 50.85
ALLETEC, ST, 02-Jul-2026, 136.85, 136.90, 143.45, 134.05, 142.75, 142.75, 138.70, 14800, 20.53, 32, 14000, 94.59
ALLTIME, EQ, 02-Jul-2026, 239.33, 239.33, 257.99, 239.33, 255.20, 255.32, 249.25, 263426, 656.58, 6445, 103186, 39.17
ALMONDZ, EQ, 02-Jul-2026, 13.05, 13.00, 13.24, 13.00, 13.24, 13.17, 13.18, 528451, 69.63, 133, 526364, 99.61
ALOKINDS, EQ, 02-Jul-2026, 12.95, 13.04, 13.38, 12.95, 13.36, 13.27, 13.18, 5530705, 729.20, 5647, 3829694, 69.24
ALPA, EQ, 02-Jul-2026, 68.89, 68.89, 70.00, 68.73, 69.10, 69.09, 69.15, 6161, 4.26, 84, 2702, 43.86
ALPEXSOLAR, SM, 02-Jul-2026, 896.15, 918.00, 918.00, 855.00, 888.00, 886.85, 884.80, 38700, 342.42, 287, 26100, 67.44
ALPHA, EQ, 02-Jul-2026, 51.24, 51.25, 51.70, 51.24, 51.62, 51.56, 51.53, 497551, 256.37, 1686, 318760, 64.07
ALPHAETF, EQ, 02-Jul-2026, 26.24, 26.89, 26.89, 26.08, 26.17, 26.20, 26.20, 407080, 106.67, 959, 301018, 73.95
ALPHAGEO, EQ, 02-Jul-2026, 198.30, 195.00, 200.99, 194.98, 200.00, 199.69, 196.83, 4988, 9.82, 187, 3191, 63.97
ALPL30IETF, EQ, 02-Jul-2026, 27.36, 27.36, 27.54, 27.36, 27.54, 27.52, 27.47, 670600, 184.23, 854, 451256, 67.29
ALUWIND, SM, 02-Jul-2026, 47.75, 47.75, 47.75, 45.00, 46.70, 46.70, 46.23, 129000, 59.63, 40, 121500, 94.19
AMAGI, EQ, 02-Jul-2026, 540.20, 537.85, 554.30, 535.25, 542.00, 539.50, 545.44, 360458, 1966.09, 17423, 139660, 38.75
AMANTA, BE, 02-Jul-2026, 161.58, 162.00, 163.00, 153.51, 160.99, 160.12, 158.17, 157073, 248.45, 672, -, -
AMBAAUTO, SM, 02-Jul-2026, 79.85, 84.25, 84.25, 78.00, 78.05, 78.05, 79.51, 35000, 27.83, 33, 27000, 77.14
AMBALALSA, EQ, 02-Jul-2026, 31.81, 31.80, 32.50, 31.75, 31.80, 31.91, 32.01, 32104, 10.28, 340, 24304, 75.70
AMBER, EQ, 02-Jul-2026, 7451.00, 7479.00, 7496.50, 7380.00, 7406.00, 7403.50, 7433.60, 135276, 10055.87, 19506, 41320, 30.54
AMBICAAGAR, EQ, 02-Jul-2026, 24.99, 25.76, 25.76, 24.81, 25.20, 25.20, 25.13, 1464, 0.37, 36, 1051, 71.79
AMBIKCO, EQ, 02-Jul-2026, 1739.10, 1777.90, 1790.00, 1741.80, 1754.50, 1748.60, 1761.54, 9666, 170.27, 1942, 5498, 56.88
AMBUJACEM, EQ, 02-Jul-2026, 418.85, 422.20, 431.50, 421.35, 429.20, 428.95, 426.72, 6105874, 26054.93, 41018, 3636548, 59.56
AMCL, SM, 02-Jul-2026, 400.95, 395.00, 402.00, 359.95, 367.00, 363.75, 380.39, 96000, 365.17, 139, 86000, 89.58
AMDIND, EQ, 02-Jul-2026, 45.82, 45.82, 46.50, 44.93, 46.00, 45.96, 45.65, 12584, 5.74, 276, 4314, 34.28
AMEYA, SM, 02-Jul-2026, 107.00, 111.95, 112.35, 110.05, 112.00, 112.00, 111.90, 13000, 14.55, 13, 10000, 76.92
AMIABLE, SM, 02-Jul-2026, 80.95, 96.90, 96.90, 69.95, 73.00, 73.00, 76.00, 8000, 6.08, 5, 4800, 60.00
AMIRCHAND, EQ, 02-Jul-2026, 147.53, 149.00, 150.00, 145.42, 147.00, 147.48, 147.89, 811853, 1200.68, 7925, 421078, 51.87
AMJLAND, EQ, 02-Jul-2026, 37.69, 38.69, 38.84, 37.23, 37.23, 37.42, 37.73, 16146, 6.09, 132, 12361, 76.56
AMNPLST, EQ, 02-Jul-2026, 190.61, 196.95, 199.50, 190.50, 192.99, 191.75, 194.88, 7672, 14.95, 388, 2085, 27.18
AMRUTANJAN, EQ, 02-Jul-2026, 550.75, 550.65, 555.70, 539.45, 541.10, 542.55, 543.10, 62925, 341.75, 3316, 37066, 58.91
ANANDRATHI, EQ, 02-Jul-2026, 1964.90, 1972.70, 2003.50, 1945.10, 1992.80, 1989.70, 1978.32, 321343, 6357.21, 15494, 156634, 48.74
ANANTAM, IV, 02-Jul-2026, 104.09, 103.51, 104.51, 103.51, 104.00, 104.09, 104.16, 14682, 15.29, 115, 14534, 98.99
ANANTRAJ, EQ, 02-Jul-2026, 516.90, 518.00, 542.00, 518.00, 538.90, 537.65, 530.73, 2163827, 11484.15, 32196, 961750, 44.45
ANDHRAPAP, EQ, 02-Jul-2026, 63.05, 63.36, 63.98, 63.00, 63.01, 63.17, 63.31, 34537, 21.86, 1268, 22968, 66.50
ANDHRSUGAR, EQ, 02-Jul-2026, 79.29, 79.70, 84.43, 79.70, 84.15, 83.85, 82.79, 550849, 456.06, 6269, 271696, 49.32
ANGELONE, EQ, 02-Jul-2026, 340.40, 340.40, 347.85, 336.20, 346.55, 346.15, 343.14, 7636906, 26204.94, 71336, 3403450, 44.57
ANIKINDS, BE, 02-Jul-2026, 45.69, 45.90, 45.90, 44.17, 44.95, 44.62, 44.48, 1649, 0.73, 25, -, -
ANKITMETAL, BZ, 02-Jul-2026, 1.48, 1.48, 1.53, 1.41, 1.49, 1.49, 1.43, 23516, 0.34, 30, -, -
ANLON, ST, 02-Jul-2026, 639.50, 637.80, 639.50, 630.00, 638.70, 631.55, 632.75, 10800, 68.34, 19, 10400, 96.30
ANMOL, EQ, 02-Jul-2026, 11.14, 11.36, 11.36, 11.12, 11.13, 11.15, 11.18, 16327, 1.83, 117, 12811, 78.47
ANNAPURNA, SM, 02-Jul-2026, 131.50, 130.15, 133.00, 129.00, 131.20, 131.15, 131.29, 33000, 43.33, 61, 25750, 78.03
ANONDITA, SM, 02-Jul-2026, 1169.65, 1194.95, 1195.00, 1180.00, 1190.00, 1188.80, 1188.17, 27600, 327.94, 58, 25200, 91.30
ANSALAPI, BZ, 02-Jul-2026, 2.88, 2.83, 2.83, 2.83, 2.83, 2.83, 2.83, 17787, 0.50, 17, -, -
ANTELOPUS, EQ, 02-Jul-2026, 796.05, 799.50, 816.00, 788.80, 805.00, 808.65, 803.30, 62013, 498.15, 3271, 36226, 58.42
ANTGRAPHIC, EQ, 02-Jul-2026, 0.80, 0.82, 0.82, 0.80, 0.80, 0.80, 0.80, 118968, 0.96, 146, 80049, 67.29
ANTHEM, EQ, 02-Jul-2026, 763.10, 771.45, 780.00, 768.40, 774.00, 772.35, 774.45, 965066, 7473.93, 28441, 602409, 62.42
ANUHPHR, EQ, 02-Jul-2026, 80.09, 79.49, 82.00, 79.49, 81.31, 81.45, 81.25, 68446, 55.61, 1391, 23355, 34.12
ANUP, EQ, 02-Jul-2026, 2307.70, 2308.00, 2342.10, 2244.90, 2268.20, 2267.60, 2286.53, 26338, 602.23, 4633, 11585, 43.99
ANURAS, EQ, 02-Jul-2026, 1270.50, 1266.00, 1282.00, 1261.20, 1273.70, 1273.70, 1272.39, 334935, 4261.67, 8478, 144475, 43.14
ANYA, SM, 02-Jul-2026, 16.55, 15.90, 16.85, 15.90, 16.85, 16.85, 16.38, 10000, 1.64, 2, 5000, 50.00
AONEGOLD, EQ, 02-Jul-2026, 13.06, 13.38, 13.38, 13.12, 13.32, 13.30, 13.29, 422691, 56.16, 1396, 235747, 55.77
AONELIQUID, EQ, 02-Jul-2026, 1066.18, 1069.37, 1069.37, 1066.31, 1066.33, 1066.32, 1066.34, 30894, 329.43, 188, 29647, 95.96
AONENIFTY, EQ, 02-Jul-2026, 9.89, 10.13, 10.19, 9.64, 9.96, 9.95, 9.94, 264733, 26.31, 1082, 226040, 85.38
AONESILVER, EQ, 02-Jul-2026, 8.49, 8.60, 8.74, 8.60, 8.70, 8.66, 8.65, 452507, 39.16, 1158, 301440, 66.62
AONETMMQ50, EQ, 02-Jul-2026, 10.18, 10.43, 10.43, 10.11, 10.11, 10.15, 10.16, 65885, 6.69, 309, 39139, 59.41
AONETOTAL, EQ, 02-Jul-2026, 11.77, 11.82, 11.85, 11.77, 11.85, 11.84, 11.82, 199408, 23.57, 1070, 185052, 92.80
APARINDS, EQ, 02-Jul-2026, 14598.00, 14598.00, 15175.00, 13963.00, 15115.00, 15101.00, 14675.75, 262252, 38487.44, 63132, 73651, 28.08
APCL, EQ, 02-Jul-2026, 106.04, 106.00, 109.00, 104.00, 104.53, 104.68, 105.05, 6731, 7.07, 180, 5259, 78.13
APCOTEXIND, EQ, 02-Jul-2026, 507.20, 512.25, 525.95, 505.15, 525.00, 523.10, 514.24, 94799, 487.49, 2526, 71262, 75.17
APEX, EQ, 02-Jul-2026, 401.60, 403.30, 408.35, 402.35, 402.55, 405.50, 405.57, 70165, 284.57, 2520, 30424, 43.36
APEXECO, ST, 02-Jul-2026, 265.50, 255.00, 255.00, 252.25, 252.25, 252.25, 252.67, 12000, 30.32, 15, 11200, 93.33
APLAPOLLO, EQ, 02-Jul-2026, 1785.10, 1785.00, 1810.00, 1772.60, 1784.30, 1788.30, 1789.81, 622177, 11135.78, 41784, 376807, 60.56
APLLTD, EQ, 02-Jul-2026, 829.05, 829.00, 840.00, 808.90, 821.00, 818.30, 816.32, 116150, 948.16, 8362, 38126, 32.82
APOLLO, EQ, 02-Jul-2026, 418.85, 420.15, 442.00, 417.50, 439.80, 439.55, 432.99, 17880802, 77422.28, 149403, 5630748, 31.49
APOLLOHOSP, EQ, 02-Jul-2026, 8618.50, 8620.00, 8750.00, 8611.50, 8724.50, 8696.00, 8678.84, 152705, 13253.02, 26517, 92433, 60.53
APOLLOPIPE, EQ, 02-Jul-2026, 483.55, 485.00, 498.45, 479.00, 483.00, 482.35, 486.71, 124652, 606.69, 4258, 54604, 43.81
APOLLOTYRE, EQ, 02-Jul-2026, 431.65, 434.00, 458.50, 432.30, 457.20, 456.60, 449.27, 4299995, 19318.54, 68226, 1314607, 30.57
APOLSINHOT, EQ, 02-Jul-2026, 1268.90, 1274.30, 1274.80, 1240.10, 1258.10, 1259.50, 1260.39, 667, 8.41, 110, 528, 79.16
APRAMEYA, SM, 02-Jul-2026, 153.95, 152.10, 152.75, 152.10, 152.75, 152.75, 152.43, 1000, 1.52, 2, 1000, 100.00
APS, SM, 02-Jul-2026, 298.00, 298.00, 306.95, 297.05, 297.60, 298.00, 300.56, 11250, 33.81, 38, 7250, 64.44
APSISAERO, ST, 02-Jul-2026, 336.65, 343.35, 343.35, 343.35, 343.35, 343.35, 343.35, 2400, 8.24, 2, 2400, 100.00
APTECHT, BE, 02-Jul-2026, 103.65, 104.90, 104.90, 102.95, 104.90, 104.18, 104.29, 66106, 68.94, 470, -, -
APTUS, EQ, 02-Jul-2026, 286.90, 288.25, 295.00, 285.00, 289.45, 288.95, 292.16, 1909541, 5578.95, 48540, 1060792, 55.55
AQYLON, EQ, 02-Jul-2026, 41.97, 42.80, 43.28, 41.76, 42.90, 42.86, 42.96, 1659157, 712.72, 1666, 1436810, 86.60
ARABIAN, SM, 02-Jul-2026, 67.95, 68.00, 70.45, 67.95, 70.45, 70.40, 69.39, 16000, 11.10, 7, 16000, 100.00
ARCHIDPLY, EQ, 02-Jul-2026, 80.86, 80.86, 82.79, 80.00, 80.40, 80.07, 80.54, 6229, 5.02, 62, 4791, 76.91
ARCHIES, EQ, 02-Jul-2026, 14.10, 14.12, 14.30, 13.00, 13.73, 13.83, 13.62, 44706, 6.09, 187, 28947, 64.75
ARCIIL, ST, 02-Jul-2026, 40.30, 41.55, 41.55, 40.00, 41.00, 40.95, 40.70, 11000, 4.48, 11, 10000, 90.91
ARE&M, EQ, 02-Jul-2026, 840.20, 840.20, 874.60, 840.20, 861.00, 862.75, 865.02, 1614119, 13962.45, 61408, 454252, 28.14
ARENTERP, EQ, 02-Jul-2026, 36.15, 36.00, 36.90, 35.00, 35.60, 35.60, 35.97, 300, 0.11, 18, 245, 81.67
ARFIN, EQ, 02-Jul-2026, 89.09, 90.14, 93.28, 89.28, 92.63, 92.54, 91.44, 1908139, 1744.89, 8679, 307884, 16.14
ARHAM, SM, 02-Jul-2026, 141.80, 137.30, 137.65, 137.25, 137.65, 137.65, 137.40, 3000, 4.12, 3, 2000, 66.67
ARIES, EQ, 02-Jul-2026, 339.80, 344.20, 344.50, 335.60, 338.00, 341.10, 340.20, 24489, 83.31, 811, 15630, 63.82
ARIHANT, EQ, 02-Jul-2026, 782.25, 765.00, 807.55, 765.00, 794.00, 788.90, 788.13, 7359, 58.00, 694, 3586, 48.73
ARIHANTCAP, EQ, 02-Jul-2026, 69.16, 68.91, 70.10, 68.75, 68.81, 68.85, 69.33, 50721, 35.17, 725, 23646, 46.62
ARIHANTSUP, EQ, 02-Jul-2026, 257.50, 258.60, 