lastupdt,scannerDetails,scannerCode,scannerName,scannerDescription,catId,catName,scannerDesc,scannerVideo,did_u_know,refreshFlag,scanproflg,displayLock,scannerFormula,scanId
1776770116,"{'stkname': 'UTI NIF10GETF', 'ltp': '', 'perChg': '', 'stkId': 'NIF1022524', 'displayLock': 'N', 'scanproflg': 1, 'scUrl': 'etf/utinifty10yrbenchmarkg-secetf/NIF1022524', 'columns': [{'name': 'change %', 'value': '0.00'}, {'name': 'LTP', 'value': '25.86'}, {'name': 'Close Price value', 'value': '25.86'}, {'name': 'change absolute', 'value': '-0.45'}]}",OHLC_W_P_ENGBEAR,Bearish Engulfing (Weekly),2 Candlestick Bearish Pattern,20,Candle Stick Patterns,"A bearish engulfing pattern is a 2 candlestick bearish reversal pattern that forms when a small white/green candlestick is followed the next week by a large black/red candlestick, the body of which completely overlaps or engulfs the body of the previous week's candlestick. A sustained price below the closing price of the pattern is bearish.",,,False,1,N,,OHLC_W_P_ENGBEAR
1776770116,"{'stkname': 'Radaan Media', 'ltp': '', 'perChg': '', 'stkId': 'RMW', 'displayLock': 'N', 'scanproflg': 1, 'scUrl': 'mediaentertainment/radaanmediaworksindia/RMW', 'columns': [{'name': 'change %', 'value': '0.30'}, {'name': 'LTP', 'value': '3.37'}, {'name': 'Close Price value', 'value': '3.37'}, {'name': 'change absolute', 'value': '-0.03'}]}",OHLC_W_P_ENGBEAR,Bearish Engulfing (Weekly),2 Candlestick Bearish Pattern,20,Candle Stick Patterns,"A bearish engulfing pattern is a 2 candlestick bearish reversal pattern that forms when a small white/green candlestick is followed the next week by a large black/red candlestick, the body of which completely overlaps or engulfs the body of the previous week's candlestick. A sustained price below the closing price of the pattern is bearish.",,,False,1,N,,OHLC_W_P_ENGBEAR
1776770116,"{'stkname': 'Knowledge Marin', 'ltp': '', 'perChg': '', 'stkId': 'KME', 'displayLock': 'N', 'scanproflg': 1, 'scUrl': 'miscellaneous/knowledgemarineengineeringworks/KME01', 'columns': [{'name': 'change %', 'value': '-0.19'}, {'name': 'LTP', 'value': '1,697.00'}, {'name': 'Close Price value', 'value': '1,697.00'}, {'name': 'change absolute', 'value': '-74.30'}]}",OHLC_W_P_ENGBEAR,Bearish Engulfing (Weekly),2 Candlestick Bearish Pattern,20,Candle Stick Patterns,"A bearish engulfing pattern is a 2 candlestick bearish reversal pattern that forms when a small white/green candlestick is followed the next week by a large black/red candlestick, the body of which completely overlaps or engulfs the body of the previous week's candlestick. A sustained price below the closing price of the pattern is bearish.",,,False,1,N,,OHLC_W_P_ENGBEAR
1776770116,"{'stkname': 'Fischer Medical', 'ltp': '', 'perChg': '', 'stkId': 'FIA', 'displayLock': 'N', 'scanproflg': 1, 'scUrl': 'commodity-chemicals/fischermedicalventures/FIA', 'columns': [{'name': 'change %', 'value': '-4.98'}, {'name': 'LTP', 'value': '38.94'}, {'name': 'Close Price value', 'value': '38.94'}, {'name': 'change absolute', 'value': '-1.93'}]}",OHLC_W_P_ENGBEAR,Bearish Engulfing (Weekly),2 Candlestick Bearish Pattern,20,Candle Stick Patterns,"A bearish engulfing pattern is a 2 candlestick bearish reversal pattern that forms when a small white/green candlestick is followed the next week by a large black/red candlestick, the body of which completely overlaps or engulfs the body of the previous week's candlestick. A sustained price below the closing price of the pattern is bearish.",,,False,1,N,,OHLC_W_P_ENGBEAR
1776770116,"{'stkname': 'Wonderla', 'ltp': '', 'perChg': '', 'stkId': 'WH03', 'displayLock': 'N', 'scanproflg': 1, 'scUrl': 'miscellaneous/wonderlaholidays/WH01', 'columns': [{'name': 'change %', 'value': '-0.60'}, {'name': 'LTP', 'value': '526.25'}, {'name': 'Close Price value', 'value': '526.25'}, {'name': 'change absolute', 'value': '-24.05'}]}",OHLC_W_P_ENGBEAR,Bearish Engulfing (Weekly),2 Candlestick Bearish Pattern,20,Candle Stick Patterns,"A bearish engulfing pattern is a 2 candlestick bearish reversal pattern that forms when a small white/green candlestick is followed the next week by a large black/red candlestick, the body of which completely overlaps or engulfs the body of the previous week's candlestick. A sustained price below the closing price of the pattern is bearish.",,,False,1,N,,OHLC_W_P_ENGBEAR
1776770116,"{'stkname': 'Ola Electric', 'ltp': '', 'perChg': '', 'stkId': 'OEM', 'displayLock': 'N', 'scanproflg': 1, 'scUrl': 'auto-ancillaries-brakes/olaelectricmobility/OEM', 'columns': [{'name': 'change %', 'value': '-3.95'}, {'name': 'LTP', 'value': '37.67'}, {'name': 'Close Price value', 'value': '37.67'}, {'name': 'change absolute', 'value': '-3.15'}]}",OHLC_W_P_ENGBEAR,Bearish Engulfing (Weekly),2 Candlestick Bearish Pattern,20,Candle Stick Patterns,"A bearish engulfing pattern is a 2 candlestick bearish reversal pattern that forms when a small white/green candlestick is followed the next week by a large black/red candlestick, the body of which completely overlaps or engulfs the body of the previous week's candlestick. A sustained price below the closing price of the pattern is bearish.",,,False,1,N,,OHLC_W_P_ENGBEAR
1776770116,"{'stkname': 'Ganesh Consumer', 'ltp': '', 'perChg': '', 'stkId': 'GCPL', 'displayLock': 'N', 'scanproflg': 1, 'scUrl': 'consumer-food/ganeshconsumerproducts/GCPL', 'columns': [{'name': 'change %', 'value': '-0.30'}, {'name': 'LTP', 'value': '190.58'}, {'name': 'Close Price value', 'value': '190.58'}, {'name': 'change absolute', 'value': '-5.24'}]}",OHLC_W_P_ENGBEAR,Bearish Engulfing (Weekly),2 Candlestick Bearish Pattern,20,Candle Stick Patterns,"A bearish engulfing pattern is a 2 candlestick bearish reversal pattern that forms when a small white/green candlestick is followed the next week by a large black/red candlestick, the body of which completely overlaps or engulfs the body of the previous week's candlestick. A sustained price below the closing price of the pattern is bearish.",,,False,1,N,,OHLC_W_P_ENGBEAR
1776770116,"{'stkname': 'Godavari Bio', 'ltp': '', 'perChg': '', 'stkId': 'GBL02', 'displayLock': 'N', 'scanproflg': 1, 'scUrl': 'diversified/godavaribiorefineries/GBL02', 'columns': [{'name': 'change %', 'value': '-0.88'}, {'name': 'LTP', 'value': '311.00'}, {'name': 'Close Price value', 'value': '311.00'}, {'name': 'change absolute', 'value': '-11.05'}]}",OHLC_W_P_ENGBEAR,Bearish Engulfing (Weekly),2 Candlestick Bearish Pattern,20,Candle Stick Patterns,"A bearish engulfing pattern is a 2 candlestick bearish reversal pattern that forms when a small white/green candlestick is followed the next week by a large black/red candlestick, the body of which completely overlaps or engulfs the body of the previous week's candlestick. A sustained price below the closing price of the pattern is bearish.",,,False,1,N,,OHLC_W_P_ENGBEAR
1776770116,"{'stkname': 'Manba Finance', 'ltp': '', 'perChg': '', 'stkId': 'MFL08', 'displayLock': 'N', 'scanproflg': 1, 'scUrl': 'finance-investment/manbafinance/MFL08', 'columns': [{'name': 'change %', 'value': '-2.08'}, {'name': 'LTP', 'value': '106.90'}, {'name': 'Close Price value', 'value': '106.90'}, {'name': 'change absolute', 'value': '-5.03'}]}",OHLC_W_P_ENGBEAR,Bearish Engulfing (Weekly),2 Candlestick Bearish Pattern,20,Candle Stick Patterns,"A bearish engulfing pattern is a 2 candlestick bearish reversal pattern that forms when a small white/green candlestick is followed the next week by a large black/red candlestick, the body of which completely overlaps or engulfs the body of the previous week's candlestick. A sustained price below the closing price of the pattern is bearish.",,,False,1,N,,OHLC_W_P_ENGBEAR
1776770116,"{'stkname': 'Credo Brands Ma', 'ltp': '', 'perChg': '', 'stkId': 'CBML', 'displayLock': 'N', 'scanproflg': 1, 'scUrl': 'textilesapparel/credobrandsmarketing/CBML', 'columns': [{'name': 'change %', 'value': '-0.51'}, {'name': 'LTP', 'value': '77.39'}, {'name': 'Close Price value', 'value': '77.39'}, {'name': 'change absolute', 'value': '-1.54'}]}",OHLC_W_P_ENGBEAR,Bearish Engulfing (Weekly),2 Candlestick Bearish Pattern,20,Candle Stick Patterns,"A bearish engulfing pattern is a 2 candlestick bearish reversal pattern that forms when a small white/green candlestick is followed the next week by a large black/red candlestick, the body of which completely overlaps or engulfs the body of the previous week's candlestick. A sustained price below the closing price of the pattern is bearish.",,,False,1,N,,OHLC_W_P_ENGBEAR
1776770116,"{'stkname': 'GPT Healthcare', 'ltp': '', 'perChg': '', 'stkId': 'GHL02', 'displayLock': 'N', 'scanproflg': 1, 'scUrl': 'hospitalhealthcare-services/gpthealthcare/GHL02', 'columns': [{'name': 'change %', 'value': '-1.22'}, {'name': 'LTP', 'value': '135.17'}, {'name': 'Close Price value', 'value': '135.17'}, {'name': 'change absolute', 'value': '-2.26'}]}",OHLC_W_P_ENGBEAR,Bearish Engulfing (Weekly),2 Candlestick Bearish Pattern,20,Candle Stick Patterns,"A bearish engulfing pattern is a 2 candlestick bearish reversal pattern that forms when a small white/green candlestick is followed the next week by a large black/red candlestick, the body of which completely overlaps or engulfs the body of the previous week's candlestick. A sustained price below the closing price of the pattern is bearish.",,,False,1,N,,OHLC_W_P_ENGBEAR
1776770116,"{'stkname': 'Pashupati Cotsp', 'ltp': '', 'perChg': '', 'stkId': 'PC25', 'displayLock': 'N', 'scanproflg': 1, 'scUrl': 'diversified/pashupaticotspin/PC23', 'columns': [{'name': 'change %', 'value': '-19.98'}, {'name': 'LTP', 'value': '76.70'}, {'name': 'Close Price value', 'value': '76.70'}, {'name': 'change absolute', 'value': '-22.75'}]}",OHLC_W_P_ENGBEAR,Bearish Engulfing (Weekly),2 Candlestick Bearish Pattern,20,Candle Stick Patterns,"A bearish engulfing pattern is a 2 candlestick bearish reversal pattern that forms when a small white/green candlestick is followed the next week by a large black/red candlestick, the body of which completely overlaps or engulfs the body of the previous week's candlestick. A sustained price below the closing price of the pattern is bearish.",,,False,1,N,,OHLC_W_P_ENGBEAR
1776770116,"{'stkname': 'AB Cotspin', 'ltp': '', 'perChg': '', 'stkId': 'ACI13', 'displayLock': 'N', 'scanproflg': 1, 'scUrl': 'textiles/abcotspinindia/ACI01', 'columns': [{'name': 'change %', 'value': '-1.79'}, {'name': 'LTP', 'value': '394.20'}, {'name': 'Close Price value', 'value': '394.20'}, {'name': 'change absolute', 'value': '-14.90'}]}",OHLC_W_P_ENGBEAR,Bearish Engulfing (Weekly),2 Candlestick Bearish Pattern,20,Candle Stick Patterns,"A bearish engulfing pattern is a 2 candlestick bearish reversal pattern that forms when a small white/green candlestick is followed the next week by a large black/red candlestick, the body of which completely overlaps or engulfs the body of the previous week's candlestick. A sustained price below the closing price of the pattern is bearish.",,,False,1,N,,OHLC_W_P_ENGBEAR
1776770116,"{'stkname': 'Jullundur Motor', 'ltp': '', 'perChg': '', 'stkId': 'JMA01', 'displayLock': 'N', 'scanproflg': 1, 'scUrl': 'auto-ancillaries/jullundurmotoragencydelhi/JMA', 'columns': [{'name': 'change %', 'value': '-0.48'}, {'name': 'LTP', 'value': '83.25'}, {'name': 'Close Price value', 'value': '83.25'}, {'name': 'change absolute', 'value': '-1.76'}]}",OHLC_W_P_ENGBEAR,Bearish Engulfing (Weekly),2 Candlestick Bearish Pattern,20,Candle Stick Patterns,"A bearish engulfing pattern is a 2 candlestick bearish reversal pattern that forms when a small white/green candlestick is followed the next week by a large black/red candlestick, the body of which completely overlaps or engulfs the body of the previous week's candlestick. A sustained price below the closing price of the pattern is bearish.",,,False,1,N,,OHLC_W_P_ENGBEAR
1776770116,"{'stkname': 'Rajnandini Meta', 'ltp': '', 'perChg': '', 'stkId': 'RM09', 'displayLock': 'N', 'scanproflg': 1, 'scUrl': 'trading/rajnandinimetal/RM05', 'columns': [{'name': 'change %', 'value': '-0.24'}, {'name': 'LTP', 'value': '4.08'}, {'name': 'Close Price value', 'value': '4.08'}, {'name': 'change absolute', 'value': '-0.04'}]}",OHLC_W_P_ENGBEAR,Bearish Engulfing (Weekly),2 Candlestick Bearish Pattern,20,Candle Stick Patterns,"A bearish engulfing pattern is a 2 candlestick bearish reversal pattern that forms when a small white/green candlestick is followed the next week by a large black/red candlestick, the body of which completely overlaps or engulfs the body of the previous week's candlestick. A sustained price below the closing price of the pattern is bearish.",,,False,1,N,,OHLC_W_P_ENGBEAR
1776770116,"{'stkname': 'Arrow Greentech', 'ltp': '', 'perChg': '', 'stkId': 'ACP', 'displayLock': 'N', 'scanproflg': 1, 'scUrl': 'plastics/arrowgreentech/ACP', 'columns': [{'name': 'change %', 'value': '-0.64'}, {'name': 'LTP', 'value': '540.65'}, {'name': 'Close Price value', 'value': '540.65'}, {'name': 'change absolute', 'value': '-9.85'}]}",OHLC_W_P_ENGBEAR,Bearish Engulfing (Weekly),2 Candlestick Bearish Pattern,20,Candle Stick Patterns,"A bearish engulfing pattern is a 2 candlestick bearish reversal pattern that forms when a small white/green candlestick is followed the next week by a large black/red candlestick, the body of which completely overlaps or engulfs the body of the previous week's candlestick. A sustained price below the closing price of the pattern is bearish.",,,False,1,N,,OHLC_W_P_ENGBEAR
1776770116,"{'stkname': 'Pfizer', 'ltp': '', 'perChg': '', 'stkId': 'P', 'displayLock': 'N', 'scanproflg': 1, 'scUrl': 'pharmaceuticals/pfizer/P', 'columns': [{'name': 'change %', 'value': '-1.59'}, {'name': 'LTP', 'value': '4,817.00'}, {'name': 'Close Price value', 'value': '4,817.00'}, {'name': 'change absolute', 'value': '-143.70'}]}",OHLC_W_P_ENGBEAR,Bearish Engulfing (Weekly),2 Candlestick Bearish Pattern,20,Candle Stick Patterns,"A bearish engulfing pattern is a 2 candlestick bearish reversal pattern that forms when a small white/green candlestick is followed the next week by a large black/red candlestick, the body of which completely overlaps or engulfs the body of the previous week's candlestick. A sustained price below the closing price of the pattern is bearish.",,,False,1,N,,OHLC_W_P_ENGBEAR
1776770116,"{'stkname': 'Zota Health Car', 'ltp': '', 'perChg': '', 'stkId': 'ZHC', 'displayLock': 'N', 'scanproflg': 1, 'scUrl': 'pharmaceuticals/zotahealthcare/ZHC', 'columns': [{'name': 'change %', 'value': '-0.07'}, {'name': 'LTP', 'value': '1,293.10'}, {'name': 'Close Price value', 'value': '1,293.10'}, {'name': 'change absolute', 'value': '-25.80'}]}",OHLC_W_P_ENGBEAR,Bearish Engulfing (Weekly),2 Candlestick Bearish Pattern,20,Candle Stick Patterns,"A bearish engulfing pattern is a 2 candlestick bearish reversal pattern that forms when a small white/green candlestick is followed the next week by a large black/red candlestick, the body of which completely overlaps or engulfs the body of the previous week's candlestick. A sustained price below the closing price of the pattern is bearish.",,,False,1,N,,OHLC_W_P_ENGBEAR
1776770116,"{'stkname': 'Abbott India', 'ltp': '', 'perChg': '', 'stkId': 'KP', 'displayLock': 'N', 'scanproflg': 1, 'scUrl': 'pharmaceuticals/abbottindia/AI51', 'columns': [{'name': 'change %', 'value': '-0.59'}, {'name': 'LTP', 'value': '25,400.00'}, {'name': 'Close Price value', 'value': '25,400.00'}, {'name': 'change absolute', 'value': '-385.00'}]}",OHLC_W_P_ENGBEAR,Bearish Engulfing (Weekly),2 Candlestick Bearish Pattern,20,Candle Stick Patterns,"A bearish engulfing pattern is a 2 candlestick bearish reversal pattern that forms when a small white/green candlestick is followed the next week by a large black/red candlestick, the body of which completely overlaps or engulfs the body of the previous week's candlestick. A sustained price below the closing price of the pattern is bearish.",,,False,1,N,,OHLC_W_P_ENGBEAR
1776770116,"{'stkname': 'KAMOPAINTS', 'ltp': '', 'perChg': '', 'stkId': 'KV04', 'displayLock': 'N', 'scanproflg': 1, 'scUrl': 'paints/kamdhenuventures/KV04', 'columns': [{'name': 'change %', 'value': '-2.76'}, {'name': 'LTP', 'value': '5.63'}, {'name': 'Close Price value', 'value': '5.63'}, {'name': 'change absolute', 'value': '-0.12'}]}",OHLC_W_P_ENGBEAR,Bearish Engulfing (Weekly),2 Candlestick Bearish Pattern,20,Candle Stick Patterns,"A bearish engulfing pattern is a 2 candlestick bearish reversal pattern that forms when a small white/green candlestick is followed the next week by a large black/red candlestick, the body of which completely overlaps or engulfs the body of the previous week's candlestick. A sustained price below the closing price of the pattern is bearish.",,,False,1,N,,OHLC_W_P_ENGBEAR
1776770116,"{'stkname': 'S Chand and Co', 'ltp': '', 'perChg': '', 'stkId': 'CCL04', 'displayLock': 'N', 'scanproflg': 1, 'scUrl': 'printingstationery/schandcompanylimited/CCL', 'columns': [{'name': 'change %', 'value': '1.40'}, {'name': 'LTP', 'value': '164.08'}, {'name': 'Close Price value', 'value': '164.08'}, {'name': 'change absolute', 'value': '-2.90'}]}",OHLC_W_P_ENGBEAR,Bearish Engulfing (Weekly),2 Candlestick Bearish Pattern,20,Candle Stick Patterns,"A bearish engulfing pattern is a 2 candlestick bearish reversal pattern that forms when a small white/green candlestick is followed the next week by a large black/red candlestick, the body of which completely overlaps or engulfs the body of the previous week's candlestick. A sustained price below the closing price of the pattern is bearish.",,,False,1,N,,OHLC_W_P_ENGBEAR
1776770116,"{'stkname': 'Kuantum Papers', 'ltp': '', 'perChg': '', 'stkId': 'ABC06', 'displayLock': 'N', 'scanproflg': 1, 'scUrl': 'paper/kuantumpapers/ABC07', 'columns': [{'name': 'change %', 'value': '-1.30'}, {'name': 'LTP', 'value': '80.25'}, {'name': 'Close Price value', 'value': '80.25'}, {'name': 'change absolute', 'value': '-4.60'}]}",OHLC_W_P_ENGBEAR,Bearish Engulfing (Weekly),2 Candlestick Bearish Pattern,20,Candle Stick Patterns,"A bearish engulfing pattern is a 2 candlestick bearish reversal pattern that forms when a small white/green candlestick is followed the next week by a large black/red candlestick, the body of which completely overlaps or engulfs the body of the previous week's candlestick. A sustained price below the closing price of the pattern is bearish.",,,False,1,N,,OHLC_W_P_ENGBEAR
1776770116,"{'stkname': 'Incredible Ind', 'ltp': '', 'perChg': '', 'stkId': 'AI61', 'displayLock': 'N', 'scanproflg': 1, 'scUrl': 'steel-mediumsmall/incredibleindustries/AI67', 'columns': [{'name': 'change %', 'value': '-4.40'}, {'name': 'LTP', 'value': '35.20'}, {'name': 'Close Price value', 'value': '35.20'}, {'name': 'change absolute', 'value': '-1.26'}]}",OHLC_W_P_ENGBEAR,Bearish Engulfing (Weekly),2 Candlestick Bearish Pattern,20,Candle Stick Patterns,"A bearish engulfing pattern is a 2 candlestick bearish reversal pattern that forms when a small white/green candlestick is followed the next week by a large black/red candlestick, the body of which completely overlaps or engulfs the body of the previous week's candlestick. A sustained price below the closing price of the pattern is bearish.",,,False,1,N,,OHLC_W_P_ENGBEAR
1776770116,"{'stkname': 'Linde India', 'ltp': '', 'perChg': '', 'stkId': 'BOC', 'displayLock': 'N', 'scanproflg': 1, 'scUrl': 'chemicals/lindeindia/BOC', 'columns': [{'name': 'change %', 'value': '0.07'}, {'name': 'LTP', 'value': '7,070.00'}, {'name': 'Close Price value', 'value': '7,070.00'}, {'name': 'change absolute', 'value': '-169.50'}]}",OHLC_W_P_ENGBEAR,Bearish Engulfing (Weekly),2 Candlestick Bearish Pattern,20,Candle Stick Patterns,"A bearish engulfing pattern is a 2 candlestick bearish reversal pattern that forms when a small white/green candlestick is followed the next week by a large black/red candlestick, the body of which completely overlaps or engulfs the body of the previous week's candlestick. A sustained price below the closing price of the pattern is bearish.",,,False,1,N,,OHLC_W_P_ENGBEAR
1776770116,"{'stkname': 'Nucleus Softwar', 'ltp': '', 'perChg': '', 'stkId': 'NS', 'displayLock': 'N', 'scanproflg': 1, 'scUrl': 'computers-software-mediumsmall/nucleussoftwareexports/NS', 'columns': [{'name': 'change %', 'value': '-0.70'}, {'name': 'LTP', 'value': '792.40'}, {'name': 'Close Price value', 'value': '792.40'}, {'name': 'change absolute', 'value': '-21.40'}]}",OHLC_W_P_ENGBEAR,Bearish Engulfing (Weekly),2 Candlestick Bearish Pattern,20,Candle Stick Patterns,"A bearish engulfing pattern is a 2 candlestick bearish reversal pattern that forms when a small white/green candlestick is followed the next week by a large black/red candlestick, the body of which completely overlaps or engulfs the body of the previous week's candlestick. A sustained price below the closing price of the pattern is bearish.",,,False,1,N,,OHLC_W_P_ENGBEAR
1776770116,"{'stkname': 'AvenuesAI', 'ltp': '', 'perChg': '', 'stkId': 'IIL03', 'displayLock': 'N', 'scanproflg': 1, 'scUrl': 'online-services/avenuesai/IIL03', 'columns': [{'name': 'change %', 'value': '0.00'}, {'name': 'LTP', 'value': '14.78'}, {'name': 'Close Price value', 'value': '14.78'}, {'name': 'change absolute', 'value': '-0.43'}]}",OHLC_W_P_ENGBEAR,Bearish Engulfing (Weekly),2 Candlestick Bearish Pattern,20,Candle Stick Patterns,"A bearish engulfing pattern is a 2 candlestick bearish reversal pattern that forms when a small white/green candlestick is followed the next week by a large black/red candlestick, the body of which completely overlaps or engulfs the body of the previous week's candlestick. A sustained price below the closing price of the pattern is bearish.",,,False,1,N,,OHLC_W_P_ENGBEAR
1776770116,"{'stkname': 'Speciality Rest', 'ltp': '', 'perChg': '', 'stkId': 'SR04', 'displayLock': 'N', 'scanproflg': 1, 'scUrl': 'hotels/specialityrestaurants/SR06', 'columns': [{'name': 'change %', 'value': '-0.17'}, {'name': 'LTP', 'value': '101.00'}, {'name': 'Close Price value', 'value': '101.00'}, {'name': 'change absolute', 'value': '-1.93'}]}",OHLC_W_P_ENGBEAR,Bearish Engulfing (Weekly),2 Candlestick Bearish Pattern,20,Candle Stick Patterns,"A bearish engulfing pattern is a 2 candlestick bearish reversal pattern that forms when a small white/green candlestick is followed the next week by a large black/red candlestick, the body of which completely overlaps or engulfs the body of the previous week's candlestick. A sustained price below the closing price of the pattern is bearish.",,,False,1,N,,OHLC_W_P_ENGBEAR
1776770116,"{'stkname': 'Airan', 'ltp': '', 'perChg': '', 'stkId': 'A12', 'displayLock': 'N', 'scanproflg': 1, 'scUrl': 'software/airan/A09', 'columns': [{'name': 'change %', 'value': '0.41'}, {'name': 'LTP', 'value': '17.27'}, {'name': 'Close Price value', 'value': '17.27'}, {'name': 'change absolute', 'value': '-0.46'}]}",OHLC_W_P_ENGBEAR,Bearish Engulfing (Weekly),2 Candlestick Bearish Pattern,20,Candle Stick Patterns,"A bearish engulfing pattern is a 2 candlestick bearish reversal pattern that forms when a small white/green candlestick is followed the next week by a large black/red candlestick, the body of which completely overlaps or engulfs the body of the previous week's candlestick. A sustained price below the closing price of the pattern is bearish.",,,False,1,N,,OHLC_W_P_ENGBEAR
1776770116,"{'stkname': 'Onward Tech', 'ltp': '', 'perChg': '', 'stkId': 'OT', 'displayLock': 'N', 'scanproflg': 1, 'scUrl': 'computers-software-mediumsmall/onwardtechnologies/OT', 'columns': [{'name': 'change %', 'value': '-0.07'}, {'name': 'LTP', 'value': '245.00'}, {'name': 'Close Price value', 'value': '245.00'}, {'name': 'change absolute', 'value': '-7.70'}]}",OHLC_W_P_ENGBEAR,Bearish Engulfing (Weekly),2 Candlestick Bearish Pattern,20,Candle Stick Patterns,"A bearish engulfing pattern is a 2 candlestick bearish reversal pattern that forms when a small white/green candlestick is followed the next week by a large black/red candlestick, the body of which completely overlaps or engulfs the body of the previous week's candlestick. A sustained price below the closing price of the pattern is bearish.",,,False,1,N,,OHLC_W_P_ENGBEAR
1776770116,"{'stkname': 'InfoBeans Tech', 'ltp': '', 'perChg': '', 'stkId': 'IT05', 'displayLock': 'N', 'scanproflg': 1, 'scUrl': 'computers-software-mediumsmall/infobeanstechnologies/IT05', 'columns': [{'name': 'change %', 'value': '-2.25'}, {'name': 'LTP', 'value': '177.00'}, {'name': 'Close Price value', 'value': '177.00'}, {'name': 'change absolute', 'value': '-12.73'}]}",OHLC_W_P_ENGBEAR,Bearish Engulfing (Weekly),2 Candlestick Bearish Pattern,20,Candle Stick Patterns,"A bearish engulfing pattern is a 2 candlestick bearish reversal pattern that forms when a small white/green candlestick is followed the next week by a large black/red candlestick, the body of which completely overlaps or engulfs the body of the previous week's candlestick. A sustained price below the closing price of the pattern is bearish.",,,False,1,N,,OHLC_W_P_ENGBEAR
1776770116,"{'stkname': 'Sheetal Cool Pr', 'ltp': '', 'perChg': '', 'stkId': 'SCP02', 'displayLock': 'N', 'scanproflg': 1, 'scUrl': 'food-processing/sheetalcoolproducts/SCP', 'columns': [{'name': 'change %', 'value': '-1.86'}, {'name': 'LTP', 'value': '304.00'}, {'name': 'Close Price value', 'value': '304.00'}, {'name': 'change absolute', 'value': '-15.50'}]}",OHLC_W_P_ENGBEAR,Bearish Engulfing (Weekly),2 Candlestick Bearish Pattern,20,Candle Stick Patterns,"A bearish engulfing pattern is a 2 candlestick bearish reversal pattern that forms when a small white/green candlestick is followed the next week by a large black/red candlestick, the body of which completely overlaps or engulfs the body of the previous week's candlestick. A sustained price below the closing price of the pattern is bearish.",,,False,1,N,,OHLC_W_P_ENGBEAR
1776770116,"{'stkname': 'Dharmaj Crop', 'ltp': '', 'perChg': '', 'stkId': 'DCG', 'displayLock': 'N', 'scanproflg': 1, 'scUrl': 'pesticidesagrochemical/dharmajcropguard/DCG', 'columns': [{'name': 'change %', 'value': '-3.53'}, {'name': 'LTP', 'value': '266.57'}, {'name': 'Close Price value', 'value': '266.57'}, {'name': 'change absolute', 'value': '-4.67'}]}",OHLC_W_P_ENGBEAR,Bearish Engulfing (Weekly),2 Candlestick Bearish Pattern,20,Candle Stick Patterns,"A bearish engulfing pattern is a 2 candlestick bearish reversal pattern that forms when a small white/green candlestick is followed the next week by a large black/red candlestick, the body of which completely overlaps or engulfs the body of the previous week's candlestick. A sustained price below the closing price of the pattern is bearish.",,,False,1,N,,OHLC_W_P_ENGBEAR
1776770116,"{'stkname': 'Bharat Rasayan', 'ltp': '', 'perChg': '', 'stkId': 'BR01', 'displayLock': 'N', 'scanproflg': 1, 'scUrl': 'pesticidesagro-chemicals/bharatrasayan/BR01', 'columns': [{'name': 'change %', 'value': '-2.16'}, {'name': 'LTP', 'value': '1,508.80'}, {'name': 'Close Price value', 'value': '1,508.80'}, {'name': 'change absolute', 'value': '-47.80'}]}",OHLC_W_P_ENGBEAR,Bearish Engulfing (Weekly),2 Candlestick Bearish Pattern,20,Candle Stick Patterns,"A bearish engulfing pattern is a 2 candlestick bearish reversal pattern that forms when a small white/green candlestick is followed the next week by a large black/red candlestick, the body of which completely overlaps or engulfs the body of the previous week's candlestick. A sustained price below the closing price of the pattern is bearish.",,,False,1,N,,OHLC_W_P_ENGBEAR
1776770116,"{'stkname': 'Renaissance', 'ltp': '', 'perChg': '', 'stkId': 'RJ', 'displayLock': 'N', 'scanproflg': 1, 'scUrl': 'diamond-cuttingjewelleryprecious-metals/renaissanceglobal/RJ', 'columns': [{'name': 'change %', 'value': '-0.84'}, {'name': 'LTP', 'value': '105.00'}, {'name': 'Close Price value', 'value': '105.00'}, {'name': 'change absolute', 'value': '-1.90'}]}",OHLC_W_P_ENGBEAR,Bearish Engulfing (Weekly),2 Candlestick Bearish Pattern,20,Candle Stick Patterns,"A bearish engulfing pattern is a 2 candlestick bearish reversal pattern that forms when a small white/green candlestick is followed the next week by a large black/red candlestick, the body of which completely overlaps or engulfs the body of the previous week's candlestick. A sustained price below the closing price of the pattern is bearish.",,,False,1,N,,OHLC_W_P_ENGBEAR
1776770116,"{'stkname': 'Alphageo', 'ltp': '', 'perChg': '', 'stkId': 'AI10', 'displayLock': 'N', 'scanproflg': 1, 'scUrl': 'oil-drillingexploration/alphageoindia/AI10', 'columns': [{'name': 'change %', 'value': '-0.60'}, {'name': 'LTP', 'value': '219.05'}, {'name': 'Close Price value', 'value': '219.05'}, {'name': 'change absolute', 'value': '-9.93'}]}",OHLC_W_P_ENGBEAR,Bearish Engulfing (Weekly),2 Candlestick Bearish Pattern,20,Candle Stick Patterns,"A bearish engulfing pattern is a 2 candlestick bearish reversal pattern that forms when a small white/green candlestick is followed the next week by a large black/red candlestick, the body of which completely overlaps or engulfs the body of the previous week's candlestick. A sustained price below the closing price of the pattern is bearish.",,,False,1,N,,OHLC_W_P_ENGBEAR
1776770116,"{'stkname': 'Nila Infra', 'ltp': '', 'perChg': '', 'stkId': 'NHI', 'displayLock': 'N', 'scanproflg': 1, 'scUrl': 'construction-real-estate/nilainfrastructures/NHI', 'columns': [{'name': 'change %', 'value': '0.12'}, {'name': 'LTP', 'value': '8.35'}, {'name': 'Close Price value', 'value': '8.35'}, {'name': 'change absolute', 'value': '-0.35'}]}",OHLC_W_P_ENGBEAR,Bearish Engulfing (Weekly),2 Candlestick Bearish Pattern,20,Candle Stick Patterns,"A bearish engulfing pattern is a 2 candlestick bearish reversal pattern that forms when a small white/green candlestick is followed the next week by a large black/red candlestick, the body of which completely overlaps or engulfs the body of the previous week's candlestick. A sustained price below the closing price of the pattern is bearish.",,,False,1,N,,OHLC_W_P_ENGBEAR
1776770116,"{'stkname': 'Butterfly', 'ltp': '', 'perChg': '', 'stkId': 'GA', 'displayLock': 'N', 'scanproflg': 1, 'scUrl': 'domestic-appliances/butterflygandhimathiappliances/GA', 'columns': [{'name': 'change %', 'value': '-0.82'}, {'name': 'LTP', 'value': '614.00'}, {'name': 'Close Price value', 'value': '614.00'}, {'name': 'change absolute', 'value': '-9.55'}]}",OHLC_W_P_ENGBEAR,Bearish Engulfing (Weekly),2 Candlestick Bearish Pattern,20,Candle Stick Patterns,"A bearish engulfing pattern is a 2 candlestick bearish reversal pattern that forms when a small white/green candlestick is followed the next week by a large black/red candlestick, the body of which completely overlaps or engulfs the body of the previous week's candlestick. A sustained price below the closing price of the pattern is bearish.",,,False,1,N,,OHLC_W_P_ENGBEAR
1776770116,"{'stkname': 'Unitech', 'ltp': '', 'perChg': '', 'stkId': 'U', 'displayLock': 'N', 'scanproflg': 1, 'scUrl': 'constructioncontracting-civil/unitech/U', 'columns': [{'name': 'change %', 'value': '0.82'}, {'name': 'LTP', 'value': '4.94'}, {'name': 'Close Price value', 'value': '4.94'}, {'name': 'change absolute', 'value': '-0.11'}]}",OHLC_W_P_ENGBEAR,Bearish Engulfing (Weekly),2 Candlestick Bearish Pattern,20,Candle Stick Patterns,"A bearish engulfing pattern is a 2 candlestick bearish reversal pattern that forms when a small white/green candlestick is followed the next week by a large black/red candlestick, the body of which completely overlaps or engulfs the body of the previous week's candlestick. A sustained price below the closing price of the pattern is bearish.",,,False,1,N,,OHLC_W_P_ENGBEAR
1776770116,"{'stkname': 'Par Drugs', 'ltp': '', 'perChg': '', 'stkId': 'PDC02', 'displayLock': 'N', 'scanproflg': 1, 'scUrl': 'chemicals/pardrugschemicals/PDC02', 'columns': [{'name': 'change %', 'value': '-1.81'}, {'name': 'LTP', 'value': '91.02'}, {'name': 'Close Price value', 'value': '91.02'}, {'name': 'change absolute', 'value': '-2.93'}]}",OHLC_W_P_ENGBEAR,Bearish Engulfing (Weekly),2 Candlestick Bearish Pattern,20,Candle Stick Patterns,"A bearish engulfing pattern is a 2 candlestick bearish reversal pattern that forms when a small white/green candlestick is followed the next week by a large black/red candlestick, the body of which completely overlaps or engulfs the body of the previous week's candlestick. A sustained price below the closing price of the pattern is bearish.",,,False,1,N,,OHLC_W_P_ENGBEAR
1776770116,"{'stkname': 'Nuvoco Vistas', 'ltp': '', 'perChg': '', 'stkId': 'NVC', 'displayLock': 'N', 'scanproflg': 1, 'scUrl': 'cement/nuvocovistascorporation/NVC', 'columns': [{'name': 'change %', 'value': '-1.14'}, {'name': 'LTP', 'value': '304.70'}, {'name': 'Close Price value', 'value': '304.70'}, {'name': 'change absolute', 'value': '-6.70'}]}",OHLC_W_P_ENGBEAR,Bearish Engulfing (Weekly),2 Candlestick Bearish Pattern,20,Candle Stick Patterns,"A bearish engulfing pattern is a 2 candlestick bearish reversal pattern that forms when a small white/green candlestick is followed the next week by a large black/red candlestick, the body of which completely overlaps or engulfs the body of the previous week's candlestick. A sustained price below the closing price of the pattern is bearish.",,,False,1,N,,OHLC_W_P_ENGBEAR
1776770116,"{'stkname': 'JTEKT India ', 'ltp': '', 'perChg': '', 'stkId': 'SSS', 'displayLock': 'N', 'scanproflg': 1, 'scUrl': 'auto-ancillaries/jtektindia/SKS04', 'columns': [{'name': 'change %', 'value': '-2.08'}, {'name': 'LTP', 'value': '129.50'}, {'name': 'Close Price value', 'value': '129.50'}, {'name': 'change absolute', 'value': '-3.33'}]}",OHLC_W_P_ENGBEAR,Bearish Engulfing (Weekly),2 Candlestick Bearish Pattern,20,Candle Stick Patterns,"A bearish engulfing pattern is a 2 candlestick bearish reversal pattern that forms when a small white/green candlestick is followed the next week by a large black/red candlestick, the body of which completely overlaps or engulfs the body of the previous week's candlestick. A sustained price below the closing price of the pattern is bearish.",,,False,1,N,,OHLC_W_P_ENGBEAR
1776770116,"{'stkname': 'Mah Scooters', 'ltp': '', 'perChg': '', 'stkId': 'MS01', 'displayLock': 'N', 'scanproflg': 1, 'scUrl': 'auto-23-wheelers/maharashtrascooters/MS01', 'columns': [{'name': 'change %', 'value': '-0.30'}, {'name': 'LTP', 'value': '13,000.00'}, {'name': 'Close Price value', 'value': '13,000.00'}, {'name': 'change absolute', 'value': '-116.00'}]}",OHLC_W_P_ENGBEAR,Bearish Engulfing (Weekly),2 Candlestick Bearish Pattern,20,Candle Stick Patterns,"A bearish engulfing pattern is a 2 candlestick bearish reversal pattern that forms when a small white/green candlestick is followed the next week by a large black/red candlestick, the body of which completely overlaps or engulfs the body of the previous week's candlestick. A sustained price below the closing price of the pattern is bearish.",,,False,1,N,,OHLC_W_P_ENGBEAR
1776770116,"{'stkname': 'SML Mahindra', 'ltp': '', 'perChg': '', 'stkId': 'SM', 'displayLock': 'N', 'scanproflg': 1, 'scUrl': 'automobile-truckslcvs/smlmahindra/SM', 'columns': [{'name': 'change %', 'value': '-7.44'}, {'name': 'LTP', 'value': '4,000.00'}, {'name': 'Close Price value', 'value': '4,000.00'}, {'name': 'change absolute', 'value': '-319.20'}]}",OHLC_W_P_ENGBEAR,Bearish Engulfing (Weekly),2 Candlestick Bearish Pattern,20,Candle Stick Patterns,"A bearish engulfing pattern is a 2 candlestick bearish reversal pattern that forms when a small white/green candlestick is followed the next week by a large black/red candlestick, the body of which completely overlaps or engulfs the body of the previous week's candlestick. A sustained price below the closing price of the pattern is bearish.",,,False,1,N,,OHLC_W_P_ENGBEAR
1776770116,"{'stkname': 'CarTrade Tech', 'ltp': '', 'perChg': '', 'stkId': 'CT09', 'displayLock': 'N', 'scanproflg': 1, 'scUrl': 'automobile-dealersdistributors/cartradetech/CT12', 'columns': [{'name': 'change %', 'value': '-0.33'}, {'name': 'LTP', 'value': '1,764.50'}, {'name': 'Close Price value', 'value': '1,764.50'}, {'name': 'change absolute', 'value': '-93.50'}]}",OHLC_W_P_ENGBEAR,Bearish Engulfing (Weekly),2 Candlestick Bearish Pattern,20,Candle Stick Patterns,"A bearish engulfing pattern is a 2 candlestick bearish reversal pattern that forms when a small white/green candlestick is followed the next week by a large black/red candlestick, the body of which completely overlaps or engulfs the body of the previous week's candlestick. A sustained price below the closing price of the pattern is bearish.",,,False,1,N,,OHLC_W_P_ENGBEAR
1776770116,"{'stkname': 'Shreeoswal Seed', 'ltp': '', 'perChg': '', 'stkId': 'SSC07', 'displayLock': 'N', 'scanproflg': 1, 'scUrl': 'pesticidesagro-chemicals/shreeoswalseedschemicals/SSC07', 'columns': [{'name': 'change %', 'value': '-0.87'}, {'name': 'LTP', 'value': '12.48'}, {'name': 'Close Price value', 'value': '12.48'}, {'name': 'change absolute', 'value': '-0.40'}]}",OHLC_W_P_ENGBEAR,Bearish Engulfing (Weekly),2 Candlestick Bearish Pattern,20,Candle Stick Patterns,"A bearish engulfing pattern is a 2 candlestick bearish reversal pattern that forms when a small white/green candlestick is followed the next week by a large black/red candlestick, the body of which completely overlaps or engulfs the body of the previous week's candlestick. A sustained price below the closing price of the pattern is bearish.",,,False,1,N,,OHLC_W_P_ENGBEAR
1776770116,"{'stkname': 'Shilpa', 'ltp': '', 'perChg': '', 'stkId': 'SA04', 'displayLock': 'N', 'scanproflg': 1, 'scUrl': 'pharmaceuticals/shilpamedicare/SM19', 'columns': [{'name': 'change %', 'value': '-1.81'}, {'name': 'LTP', 'value': '403.80'}, {'name': 'Close Price value', 'value': '403.80'}, {'name': 'change absolute', 'value': '-6.75'}]}",OHLC_W_P_ENGBEAR,Bearish Engulfing (Weekly),2 Candlestick Bearish Pattern,20,Candle Stick Patterns,"A bearish engulfing pattern is a 2 candlestick bearish reversal pattern that forms when a small white/green candlestick is followed the next week by a large black/red candlestick, the body of which completely overlaps or engulfs the body of the previous week's candlestick. A sustained price below the closing price of the pattern is bearish.",,,False,1,N,,OHLC_W_P_ENGBEAR
1776770116,"{'stkname': 'HCL Tech', 'ltp': '', 'perChg': '', 'stkId': 'HCL02', 'displayLock': 'N', 'scanproflg': 1, 'scUrl': 'computers-software/hcltechnologies/HCL02', 'columns': [{'name': 'change %', 'value': '0.75'}, {'name': 'LTP', 'value': '1,439.00'}, {'name': 'Close Price value', 'value': '1,439.00'}, {'name': 'change absolute', 'value': '-3.30'}]}",OHLC_W_P_ENGBEAR,Bearish Engulfing (Weekly),2 Candlestick Bearish Pattern,20,Candle Stick Patterns,"A bearish engulfing pattern is a 2 candlestick bearish reversal pattern that forms when a small white/green candlestick is followed the next week by a large black/red candlestick, the body of which completely overlaps or engulfs the body of the previous week's candlestick. A sustained price below the closing price of the pattern is bearish.",,,False,1,N,,OHLC_W_P_ENGBEAR
1776770116,"{'stkname': 'Nipp NiftyPhar', 'ltp': '', 'perChg': '', 'stkId': 'NIN', 'displayLock': 'N', 'scanproflg': 1, 'scUrl': 'etf/nipponindianiftypharmaetf/NIN', 'columns': [{'name': 'change %', 'value': '0.17'}, {'name': 'LTP', 'value': '23.06'}, {'name': 'Close Price value', 'value': '23.06'}, {'name': 'change absolute', 'value': '-0.06'}]}",OHLC_W_P_ENGBEAR,Bearish Engulfing (Weekly),2 Candlestick Bearish Pattern,20,Candle Stick Patterns,"A bearish engulfing pattern is a 2 candlestick bearish reversal pattern that forms when a small white/green candlestick is followed the next week by a large black/red candlestick, the body of which completely overlaps or engulfs the body of the previous week's candlestick. A sustained price below the closing price of the pattern is bearish.",,,False,1,N,,OHLC_W_P_ENGBEAR
