pattern_id,userid,instrument_type,instrument,exchange,pattern_name,comment,time_frame,sc_id,p_status,is_closed,is_deleted,end_date,updated_at,created_at,meta_data,analyst_name,analyst_image,updated_at_epoch,created_at_epoch,chartType,displayLock,scanproflg
1589,21,equity,Eternal,nse,Descending Triangle,Bullish Breakout,4 hours,Z01,Closed,Y,0,1970-01-01,2026-07-01 10:21:08,2026-06-17 10:49:04,"{""chart_type"":""mc_pro_plus"",""sc_name"":""Eternal"",""sc_symbol"":""ETERNAL"",""sc_scripcode"":""543320"",""instrument_type_code"":""stock"",""entry_condition"":""equals"",""entry_price"":""261.00"",""pattern_type"":""buy"",""cmp"":""270.50"",""price_key"":""stk_Z01_N"",""target_price"":null,""target_return_prcnt"":""8.43"",""stoploss_price"":null,""stoploss_prcnt"":""4.21"",""ind_id"":""-1"",""expiry_date"":null,""timeline"":[{""pattern_img"":{""1200x600"":""https://images.moneycontrol.com/technical_picks_cms/178167354294.png""},""rationale"":""A descending triangle reflects contracting price action with repeated support tests. Price has now broken above the falling resistance, signalling a bullish breakout and trend reversal potential."",""action_type"":""add"",""created_at"":""2026-06-17 10:49:04"",""updated_at"":""2026-06-17 10:49:04""},{""pattern_img"":{""1200x600"":""https://images.moneycontrol.com/technical_picks_cms/178288146752.png""},""rationale"":""4.53% up"",""action_type"":""close"",""created_at"":""2026-07-01 10:21:08"",""updated_at"":""2026-07-01 10:21:08""}]}",Brijesh Bhatia,https://images.moneycontrol.com/technical_picks_cms/174590992182.png,1782881468,1781673544,mc_pro_plus,N,3
1524,21,equity,Bajaj Finance,nse,Horizontal Channel,Reversal From Support,1 hour,BAF,Closed,Y,0,1970-01-01,2026-06-30 13:10:55,2026-06-02 10:44:11,"{""chart_type"":""mc_pro_plus"",""sc_name"":""Bajaj Finance"",""sc_symbol"":""BAJFINANCE"",""sc_scripcode"":""500034"",""instrument_type_code"":""stock"",""entry_condition"":""equals"",""entry_price"":""871.60"",""pattern_type"":""buy"",""cmp"":""1000.30"",""price_key"":""stk_BAF_N"",""target_price"":null,""target_return_prcnt"":""7.62"",""stoploss_price"":null,""stoploss_prcnt"":""1.33"",""ind_id"":""-1"",""expiry_date"":null,""timeline"":[{""pattern_img"":{""1200x600"":""https://images.moneycontrol.com/technical_picks_cms/178037724799.png""},""rationale"":""Price bounced from the support area of the horizontal channel, showing buyers are active at lower levels and helping the stock move higher."",""action_type"":""add"",""created_at"":""2026-06-02 10:44:11"",""updated_at"":""2026-06-02 10:44:11""},{""pattern_img"":{""1200x600"":""https://images.moneycontrol.com/technical_picks_cms/178280525312.png""},""rationale"":""15% up."",""action_type"":""close"",""created_at"":""2026-06-30 13:10:55"",""updated_at"":""2026-06-30 13:10:55""}]}",Brijesh Bhatia,https://images.moneycontrol.com/technical_picks_cms/174590992182.png,1782805255,1780377251,mc_pro_plus,N,3
1604,21,equity,Dr Reddys Laboratories,nse,Symmetrical Triangle,Bullish Reversal,4 hours,DRL,Closed,Y,0,1970-01-01,2026-06-29 09:30:52,2026-06-23 10:13:09,"{""chart_type"":""mc_pro_plus"",""sc_name"":""Dr Reddys Laboratories"",""sc_symbol"":""DRREDDY"",""sc_scripcode"":""500124"",""instrument_type_code"":""stock"",""entry_condition"":""equals"",""entry_price"":""1325.00"",""pattern_type"":""buy"",""cmp"":""1399.00"",""price_key"":""stk_DRL_N"",""target_price"":null,""target_return_prcnt"":""3.40"",""stoploss_price"":null,""stoploss_prcnt"":""1.96"",""ind_id"":""-1"",""expiry_date"":null,""timeline"":[{""pattern_img"":{""1200x600"":""https://images.moneycontrol.com/technical_picks_cms/178218978868.png""},""rationale"":""A symmetrical triangle develops as price narrows between converging trendlines. The move above the upper boundary suggests the balance has shifted in favor of buyers after a period of consolidation."",""action_type"":""add"",""created_at"":""2026-06-23 10:13:09"",""updated_at"":""2026-06-23 10:13:09""},{""pattern_img"":{""1200x600"":""https://images.moneycontrol.com/technical_picks_cms/178270565060.png""},""rationale"":""5.98% up"",""action_type"":""close"",""created_at"":""2026-06-29 09:30:52"",""updated_at"":""2026-06-29 09:30:52""}]}",Brijesh Bhatia,https://images.moneycontrol.com/technical_picks_cms/174590992182.png,1782705652,1782189789,mc_pro_plus,N,3
1599,21,equity,Cholamandalam Investment and Finance Company,nse,Symmetrical Triangle,Bullish Reversal,1 day,CIF01,Closed,Y,0,1970-01-01,2026-06-25 13:08:42,2026-06-22 10:23:21,"{""chart_type"":""mc_pro_plus"",""sc_name"":""Cholamandalam Investment and Finance Company"",""sc_symbol"":""CHOLAFIN"",""sc_scripcode"":""511243"",""instrument_type_code"":""stock"",""entry_condition"":""equals"",""entry_price"":""1715.90"",""pattern_type"":""buy"",""cmp"":""1813.20"",""price_key"":""stk_CIF01_N"",""target_price"":null,""target_return_prcnt"":""6.77"",""stoploss_price"":null,""stoploss_prcnt"":""2.50"",""ind_id"":""-1"",""expiry_date"":null,""timeline"":[{""pattern_img"":{""1200x600"":""https://images.moneycontrol.com/technical_picks_cms/178210400078.png""},""rationale"":""A symmetrical triangle develops as price compresses between converging trendlines. The move above resistance reflects improving bullish momentum."",""action_type"":""add"",""created_at"":""2026-06-22 10:23:21"",""updated_at"":""2026-06-22 10:23:21""},{""pattern_img"":{""1200x600"":""https://images.moneycontrol.com/technical_picks_cms/178237312170.png""},""rationale"":""6.41% up"",""action_type"":""close"",""created_at"":""2026-06-25 13:08:42"",""updated_at"":""2026-06-25 13:08:42""}]}",Brijesh Bhatia,https://images.moneycontrol.com/technical_picks_cms/174590992182.png,1782373122,1782104001,mc_pro_plus,N,3
1582,21,equity,R R Kabel,nse,Horizontal Trendline,All Time High Breakout,30 mins,K04,Closed,Y,0,1970-01-01,2026-06-25 13:02:33,2026-06-16 09:30:16,"{""chart_type"":""mc_pro_plus"",""sc_name"":""R R Kabel"",""sc_symbol"":""RRKABEL"",""sc_scripcode"":""543981"",""instrument_type_code"":""stock"",""entry_condition"":""equals"",""entry_price"":""2259.00"",""pattern_type"":""buy"",""cmp"":""2485.80"",""price_key"":""stk_K04_N"",""target_price"":null,""target_return_prcnt"":""5.58"",""stoploss_price"":null,""stoploss_prcnt"":""3.50"",""ind_id"":""-1"",""expiry_date"":null,""timeline"":[{""pattern_img"":{""1200x600"":""https://images.moneycontrol.com/technical_picks_cms/178158241570.png""},""rationale"":""Price has crossed above its horizontal resistance and entered uncharted territory, signalling strong bullish momentum and potential trend continuation."",""action_type"":""add"",""created_at"":""2026-06-16 09:30:16"",""updated_at"":""2026-06-16 09:30:16""},{""pattern_img"":{""1200x600"":""https://images.moneycontrol.com/technical_picks_cms/178237275291.png""},""rationale"":""10% up."",""action_type"":""close"",""created_at"":""2026-06-25 13:02:33"",""updated_at"":""2026-06-25 13:02:33""}]}",Brijesh Bhatia,https://images.moneycontrol.com/technical_picks_cms/174590992182.png,1782372753,1781582416,mc_pro_plus,N,3
1581,21,equity,Phoenix Mills,nse,Descending Triangle,Bullish Breakout,4 hours,PM02,Closed,Y,0,1970-01-01,2026-06-25 09:56:41,2026-06-15 15:32:03,"{""chart_type"":""mc_pro_plus"",""sc_name"":""Phoenix Mills"",""sc_symbol"":""PHOENIXLTD"",""sc_scripcode"":""503100"",""instrument_type_code"":""stock"",""entry_condition"":""equals"",""entry_price"":""1856.10"",""pattern_type"":""buy"",""cmp"":""1936.40"",""price_key"":""stk_PM02_N"",""target_price"":null,""target_return_prcnt"":""4.14"",""stoploss_price"":null,""stoploss_prcnt"":""3.88"",""ind_id"":""-1"",""expiry_date"":null,""timeline"":[{""pattern_img"":{""1200x600"":""https://images.moneycontrol.com/technical_picks_cms/178151772220.png""},""rationale"":""After forming lower highs against a strong support zone, price has broken above resistance, signaling renewed buying momentum."",""action_type"":""add"",""created_at"":""2026-06-15 15:32:03"",""updated_at"":""2026-06-15 15:32:03""},{""pattern_img"":{""1200x600"":""https://images.moneycontrol.com/technical_picks_cms/178236160063.png""},""rationale"":""5% up"",""action_type"":""close"",""created_at"":""2026-06-25 09:56:41"",""updated_at"":""2026-06-25 09:56:41""}]}",Brijesh Bhatia,https://images.moneycontrol.com/technical_picks_cms/174590992182.png,1782361601,1781517723,mc_pro_plus,N,3
1576,21,equity,Shriram Finance,nse,Descending Triangle,Bullish Reversal,4 hours,STF,Closed,Y,0,1970-01-01,2026-06-24 13:56:26,2026-06-12 15:07:02,"{""chart_type"":""mc_pro_plus"",""sc_name"":""Shriram Finance"",""sc_symbol"":""SHRIRAMFIN"",""sc_scripcode"":""511218"",""instrument_type_code"":""stock"",""entry_condition"":""equals"",""entry_price"":""952.65"",""pattern_type"":""buy"",""cmp"":""1025.85"",""price_key"":""stk_STF_N"",""target_price"":null,""target_return_prcnt"":""9.59"",""stoploss_price"":null,""stoploss_prcnt"":""4.27"",""ind_id"":""-1"",""expiry_date"":null,""timeline"":[{""pattern_img"":{""1200x600"":""https://images.moneycontrol.com/technical_picks_cms/178125702288.png""},""rationale"":""Price has bounced strongly from the support zone and is moving above the descending resistance trendline, indicating improving bullish momentum."",""action_type"":""add"",""created_at"":""2026-06-12 15:07:02"",""updated_at"":""2026-06-12 15:07:02""},{""pattern_img"":{""1200x600"":""https://images.moneycontrol.com/technical_picks_cms/178228958560.png""},""rationale"":""7% up."",""action_type"":""close"",""created_at"":""2026-06-24 13:56:26"",""updated_at"":""2026-06-24 13:56:26""}]}",Brijesh Bhatia,https://images.moneycontrol.com/technical_picks_cms/174590992182.png,1782289586,1781257022,mc_pro_plus,N,3
1579,21,equity,Trent,nse,Symmetrical Triangle,Bullish Breakout,2 hours,L,Closed,Y,0,1970-01-01,2026-06-24 12:32:47,2026-06-15 11:38:04,"{""chart_type"":""mc_pro_plus"",""sc_name"":""Trent"",""sc_symbol"":""TRENT"",""sc_scripcode"":""500251"",""instrument_type_code"":""stock"",""entry_condition"":""equals"",""entry_price"":""2881.50"",""pattern_type"":""buy"",""cmp"":""3253.80"",""price_key"":""stk_L_N"",""target_price"":null,""target_return_prcnt"":""3.87"",""stoploss_price"":null,""stoploss_prcnt"":""2.24"",""ind_id"":""-1"",""expiry_date"":null,""timeline"":[{""pattern_img"":{""1200x600"":""https://images.moneycontrol.com/technical_picks_cms/178150368333.png""},""rationale"":""After a phase of tightening price action, the stock has broken above triangle resistance, signalling stronger buying interest and potential upside momentum."",""action_type"":""add"",""created_at"":""2026-06-15 11:38:04"",""updated_at"":""2026-06-15 11:38:04""},{""pattern_img"":{""1200x600"":""https://images.moneycontrol.com/technical_picks_cms/178228456696.png""},""rationale"":""13% up."",""action_type"":""close"",""created_at"":""2026-06-24 12:32:47"",""updated_at"":""2026-06-24 12:32:47""}]}",Brijesh Bhatia,https://images.moneycontrol.com/technical_picks_cms/174590992182.png,1782284567,1781503684,mc_pro_plus,N,3
1575,21,equity,AU Small Finance Bank,nse,Descending Triangle,Bullish Breakout,4 hours,ASF03,Closed,Y,0,1970-01-01,2026-06-24 11:42:17,2026-06-12 15:02:06,"{""chart_type"":""mc_pro_plus"",""sc_name"":""AU Small Finance Bank"",""sc_symbol"":""AUBANK"",""sc_scripcode"":""540611"",""instrument_type_code"":""stock"",""entry_condition"":""equals"",""entry_price"":""1015.50"",""pattern_type"":""buy"",""cmp"":""1051.10"",""price_key"":""stk_ASF03_N"",""target_price"":null,""target_return_prcnt"":""5.17"",""stoploss_price"":null,""stoploss_prcnt"":""3.30"",""ind_id"":""-1"",""expiry_date"":null,""timeline"":[{""pattern_img"":{""1200x600"":""https://images.moneycontrol.com/technical_picks_cms/178125672580.png""},""rationale"":""Price has decisively moved above the descending resistance line, signalling a breakout from consolidation and indicating renewed bullish momentum."",""action_type"":""add"",""created_at"":""2026-06-12 15:02:06"",""updated_at"":""2026-06-12 15:02:06""},{""pattern_img"":{""1200x600"":""https://images.moneycontrol.com/technical_picks_cms/178228153631.png""},""rationale"":""3.32% up"",""action_type"":""close"",""created_at"":""2026-06-24 11:42:17"",""updated_at"":""2026-06-24 11:42:17""}]}",Brijesh Bhatia,https://images.moneycontrol.com/technical_picks_cms/174590992182.png,1782281537,1781256726,mc_pro_plus,N,3
1557,21,equity,KPR Mill,nse,Horizontal Channel,Breakout Retest,1 day,M09,Closed,Y,0,1970-01-01,2026-06-24 10:06:13,2026-06-10 09:30:24,"{""chart_type"":""mc_pro_plus"",""sc_name"":""KPR Mill"",""sc_symbol"":""KPRMILL"",""sc_scripcode"":""532889"",""instrument_type_code"":""stock"",""entry_condition"":""equals"",""entry_price"":""1056.65"",""pattern_type"":""buy"",""cmp"":""1274.10"",""price_key"":""stk_M09_N"",""target_price"":null,""target_return_prcnt"":""6.09"",""stoploss_price"":null,""stoploss_prcnt"":""2.62"",""ind_id"":""-1"",""expiry_date"":null,""timeline"":[{""pattern_img"":{""1200x600"":""https://images.moneycontrol.com/technical_picks_cms/178106402014.png""},""rationale"":""Price has successfully retested the breakout zone, with previous resistance now acting as support, indicating sustained bullish strength and trend continuation."",""action_type"":""add"",""created_at"":""2026-06-10 09:30:24"",""updated_at"":""2026-06-10 09:30:24""},{""pattern_img"":{""1200x600"":""https://images.moneycontrol.com/technical_picks_cms/178227577267.png""},""rationale"":""21.65% up"",""action_type"":""close"",""created_at"":""2026-06-24 10:06:13"",""updated_at"":""2026-06-24 10:06:13""}]}",Brijesh Bhatia,https://images.moneycontrol.com/technical_picks_cms/174590992182.png,1782275773,1781064024,mc_pro_plus,N,3
1595,21,equity,FSN E-Commerce Ventures Nykaa,nse,Cup & Handle Pattern,Bullish Breakout,1 day,FEV,Closed,Y,0,1970-01-01,2026-06-23 15:45:03,2026-06-18 10:21:53,"{""chart_type"":""mc_pro_plus"",""sc_name"":""FSN E-Commerce Ventures Nykaa"",""sc_symbol"":""NYKAA"",""sc_scripcode"":""543384"",""instrument_type_code"":""stock"",""entry_condition"":""equals"",""entry_price"":""293.35"",""pattern_type"":""buy"",""cmp"":""303.05"",""price_key"":""stk_FEV_N"",""target_price"":null,""target_return_prcnt"":""14.54"",""stoploss_price"":null,""stoploss_prcnt"":""4.21"",""ind_id"":""-1"",""expiry_date"":null,""timeline"":[{""pattern_img"":{""1200x600"":""https://images.moneycontrol.com/technical_picks_cms/178175831272.png""},""rationale"":""A Cup & Handle pattern reflects a gradual recovery followed by a brief consolidation near resistance. The move above the neckline suggests buyers have absorbed supply and resumed the uptrend."",""action_type"":""add"",""created_at"":""2026-06-18 10:21:53"",""updated_at"":""2026-06-18 10:21:53""},{""pattern_img"":{""1200x600"":""https://images.moneycontrol.com/technical_picks_cms/178220970274.png""},""rationale"":""6.67% up."",""action_type"":""close"",""created_at"":""2026-06-23 15:45:03"",""updated_at"":""2026-06-23 15:45:03""}]}",Brijesh Bhatia,https://images.moneycontrol.com/technical_picks_cms/174590992182.png,1782209703,1781758313,mc_pro_plus,N,3
1596,21,equity,Olectra Greentech,nse,Bullish Pennant,Bullish Breakout,4 hours,GT06,Closed,Y,0,1970-01-01,2026-06-23 15:42:09,2026-06-18 10:27:01,"{""chart_type"":""mc_pro_plus"",""sc_name"":""Olectra Greentech"",""sc_symbol"":""OLECTRA"",""sc_scripcode"":""532439"",""instrument_type_code"":""stock"",""entry_condition"":""equals"",""entry_price"":""1393.60"",""pattern_type"":""buy"",""cmp"":""1501.50"",""price_key"":""stk_GT06_N"",""target_price"":null,""target_return_prcnt"":""10.43"",""stoploss_price"":null,""stoploss_prcnt"":""2.48"",""ind_id"":""-1"",""expiry_date"":null,""timeline"":[{""pattern_img"":{""1200x600"":""https://images.moneycontrol.com/technical_picks_cms/178175861921.png""},""rationale"":""A bullish pennant forms after a sharp upward move, followed by a brief period of consolidation. The breakout above the pennant boundary indicates buyers have regained control of the trend."",""action_type"":""add"",""created_at"":""2026-06-18 10:27:01"",""updated_at"":""2026-06-18 10:27:01""},{""pattern_img"":{""1200x600"":""https://images.moneycontrol.com/technical_picks_cms/178220952896.png""},""rationale"":""8% up."",""action_type"":""close"",""created_at"":""2026-06-23 15:42:09"",""updated_at"":""2026-06-23 15:42:09""}]}",Brijesh Bhatia,https://images.moneycontrol.com/technical_picks_cms/174590992182.png,1782209529,1781758621,mc_pro_plus,N,3
1567,21,equity,Kajaria Ceramics,nse,Descending Triangle,Bullish Breakout,1 hour,KC06,Closed,Y,0,1970-01-01,2026-06-23 15:32:15,2026-06-11 10:47:08,"{""chart_type"":""mc_pro_plus"",""sc_name"":""Kajaria Ceramics"",""sc_symbol"":""KAJARIACER"",""sc_scripcode"":""500233"",""instrument_type_code"":""stock"",""entry_condition"":""equals"",""entry_price"":""1095.70"",""pattern_type"":""buy"",""cmp"":""1190.20"",""price_key"":""stk_KC06_N"",""target_price"":null,""target_return_prcnt"":""4.50"",""stoploss_price"":null,""stoploss_prcnt"":""1.34"",""ind_id"":""-1"",""expiry_date"":null,""timeline"":[{""pattern_img"":{""1200x600"":""https://images.moneycontrol.com/technical_picks_cms/178115502783.png""},""rationale"":""Price has crossed above the falling resistance trendline, indicating a shift in momentum and the potential start of a fresh bullish move."",""action_type"":""add"",""created_at"":""2026-06-11 10:47:08"",""updated_at"":""2026-06-11 10:47:08""},{""pattern_img"":{""1200x600"":""https://images.moneycontrol.com/technical_picks_cms/178220893467.png""},""rationale"":""8.63% up."",""action_type"":""close"",""created_at"":""2026-06-23 15:32:15"",""updated_at"":""2026-06-23 15:32:15""}]}",Brijesh Bhatia,https://images.moneycontrol.com/technical_picks_cms/174590992182.png,1782208935,1781155028,mc_pro_plus,N,3
1598,21,equity,Cipla,nse,Descending Triangle,Bullish Breakout,2 hours,C,Closed,Y,0,1970-01-01,2026-06-23 12:39:20,2026-06-22 10:08:03,"{""chart_type"":""mc_pro_plus"",""sc_name"":""Cipla"",""sc_symbol"":""CIPLA"",""sc_scripcode"":""500087"",""instrument_type_code"":""stock"",""entry_condition"":""equals"",""entry_price"":""1394.40"",""pattern_type"":""buy"",""cmp"":""1451.10"",""price_key"":""stk_C_N"",""target_price"":null,""target_return_prcnt"":""2.48"",""stoploss_price"":null,""stoploss_prcnt"":""1.82"",""ind_id"":""-1"",""expiry_date"":null,""timeline"":[{""pattern_img"":{""1200x600"":""https://images.moneycontrol.com/technical_picks_cms/178210308247.png""},""rationale"":""A descending triangle reflects persistent selling pressure as lower highs develop against a key support zone. Backed by a MACD bullish crossover, suggests buyers are gaining the upper hand."",""action_type"":""add"",""created_at"":""2026-06-22 10:08:03"",""updated_at"":""2026-06-22 10:08:03""},{""pattern_img"":{""1200x600"":""https://images.moneycontrol.com/technical_picks_cms/178219855729.png""},""rationale"":""4.44% up"",""action_type"":""close"",""created_at"":""2026-06-23 12:39:20"",""updated_at"":""2026-06-23 12:39:20""}]}",Brijesh Bhatia,https://images.moneycontrol.com/technical_picks_cms/174590992182.png,1782198560,1782103083,mc_pro_plus,N,3
1535,21,equity,REC,nse,Falling Channel,On the verge of breakout,2 hours,REC02,Closed,Y,0,1970-01-01,2026-06-22 09:38:58,2026-06-04 14:47:14,"{""chart_type"":""mc_pro_plus"",""sc_name"":""REC"",""sc_symbol"":""RECLTD"",""sc_scripcode"":""532955"",""instrument_type_code"":""stock"",""entry_condition"":""equals"",""entry_price"":""334.90"",""pattern_type"":""buy"",""cmp"":""361.55"",""price_key"":""stk_REC02_N"",""target_price"":null,""target_return_prcnt"":""8.09"",""stoploss_price"":null,""stoploss_prcnt"":""2.96"",""ind_id"":""-1"",""expiry_date"":null,""timeline"":[{""pattern_img"":{""1200x600"":""https://images.moneycontrol.com/technical_picks_cms/178056462910.png""},""rationale"":""Falling channel on the verge of breakout. Price is approaching the channel resistance after forming higher lows, while RSI is nearing 60, indicating improving bullish momentum and breakout potential."",""action_type"":""add"",""created_at"":""2026-06-04 14:47:14"",""updated_at"":""2026-06-04 14:47:14""},{""pattern_img"":{""1200x600"":""https://images.moneycontrol.com/technical_picks_cms/178210133724.png""},""rationale"":""7.96% up"",""action_type"":""close"",""created_at"":""2026-06-22 09:38:58"",""updated_at"":""2026-06-22 09:38:58""}]}",Brijesh Bhatia,https://images.moneycontrol.com/technical_picks_cms/174590992182.png,1782101338,1780564634,mc_pro_plus,N,3
1566,21,equity,Aegis Logistics,nse,Descending Triangle,Bullish Breakout,1 week,AC02,Closed,Y,0,1970-01-01,2026-06-22 09:32:27,2026-06-11 10:36:23,"{""chart_type"":""mc_pro_plus"",""sc_name"":""Aegis Logistics"",""sc_symbol"":""AEGISLOG"",""sc_scripcode"":""500003"",""instrument_type_code"":""stock"",""entry_condition"":""equals"",""entry_price"":""883.25"",""pattern_type"":""buy"",""cmp"":""1067.20"",""price_key"":""stk_AC02_N"",""target_price"":null,""target_return_prcnt"":""15.60"",""stoploss_price"":null,""stoploss_prcnt"":""10.10"",""ind_id"":""-1"",""expiry_date"":null,""timeline"":[{""pattern_img"":{""1200x600"":""https://images.moneycontrol.com/technical_picks_cms/178115438294.png""},""rationale"":""Price has broken above the descending resistance trendline after a prolonged consolidation phase, signaling renewed buying interest and a potential trend continuation."",""action_type"":""add"",""created_at"":""2026-06-11 10:36:23"",""updated_at"":""2026-06-11 10:36:23""},{""pattern_img"":{""1200x600"":""https://images.moneycontrol.com/technical_picks_cms/178210094646.png""},""rationale"":""21.86% up."",""action_type"":""close"",""created_at"":""2026-06-22 09:32:27"",""updated_at"":""2026-06-22 09:32:27""}]}",Brijesh Bhatia,https://images.moneycontrol.com/technical_picks_cms/174590992182.png,1782100947,1781154383,mc_pro_plus,N,3
1587,21,index,NIFTY 50,nse,Falling Trendline,Bullish Reversal,30 mins,in;NSX,Closed,Y,0,1970-01-01,2026-06-18 15:19:30,2026-06-16 14:09:03,"{""chart_type"":""mc_pro_plus"",""sc_name"":""NIFTY 50"",""sc_symbol"":""9"",""sc_scripcode"":""9"",""instrument_type_code"":""index"",""entry_condition"":""equals"",""entry_price"":""23976.55"",""pattern_type"":""buy"",""cmp"":""24183.45"",""price_key"":""indices_i_in;NSX"",""target_price"":null,""target_return_prcnt"":""0.46"",""stoploss_price"":null,""stoploss_prcnt"":""0.08"",""ind_id"":""9"",""expiry_date"":null,""timeline"":[{""pattern_img"":{""1200x600"":""https://images.moneycontrol.com/technical_picks_cms/178159914390.png""},""rationale"":""A falling trendline reflects sustained selling pressure through lower highs. Price has now broken above the trendline, signalling a bullish breakout and a potential shift in momentum."",""action_type"":""add"",""created_at"":""2026-06-16 14:09:03"",""updated_at"":""2026-06-16 14:09:03""},{""pattern_img"":{""1200x600"":""https://images.moneycontrol.com/technical_picks_cms/178177616999.png""},""rationale"":""214 points."",""action_type"":""close"",""created_at"":""2026-06-18 15:19:30"",""updated_at"":""2026-06-18 15:19:30""}]}",Brijesh Bhatia,https://images.moneycontrol.com/technical_picks_cms/174590992182.png,1781776170,1781599143,mc_pro_plus,N,3
1578,21,equity,Life Insurance Corporation of India,nse,Rectangle Pattern,Bullish Reversal,1 hour,LIC09,Closed,Y,0,1970-01-01,2026-06-18 13:07:06,2026-06-15 10:38:38,"{""chart_type"":""mc_pro_plus"",""sc_name"":""Life Insurance Corporation of India"",""sc_symbol"":""LICI"",""sc_scripcode"":""543526"",""instrument_type_code"":""stock"",""entry_condition"":""equals"",""entry_price"":""408.70"",""pattern_type"":""buy"",""cmp"":""429.20"",""price_key"":""stk_LIC09_N"",""target_price"":null,""target_return_prcnt"":""4.23"",""stoploss_price"":null,""stoploss_prcnt"":""1.39"",""ind_id"":""-1"",""expiry_date"":null,""timeline"":[{""pattern_img"":{""1200x600"":""https://images.moneycontrol.com/technical_picks_cms/178150011790.png""},""rationale"":""After a period of sideways consolidation, price has moved above the resistance, indicating renewed buying interest and a potential upward trend."",""action_type"":""add"",""created_at"":""2026-06-15 10:38:38"",""updated_at"":""2026-06-15 10:38:38""},{""pattern_img"":{""1200x600"":""https://images.moneycontrol.com/technical_picks_cms/178176822447.png""},""rationale"":""5.11% up"",""action_type"":""close"",""created_at"":""2026-06-18 13:07:06"",""updated_at"":""2026-06-18 13:07:06""}]}",Brijesh Bhatia,https://images.moneycontrol.com/technical_picks_cms/174590992182.png,1781768226,1781500118,mc_pro_plus,N,3
1574,21,equity,FSN E-Commerce Ventures Nykaa,nse,Rectangle Pattern,Bullish Breakout,1 hour,FEV,Closed,Y,0,1970-01-01,2026-06-18 09:23:06,2026-06-12 14:06:13,"{""chart_type"":""mc_pro_plus"",""sc_name"":""FSN E-Commerce Ventures Nykaa"",""sc_symbol"":""NYKAA"",""sc_scripcode"":""543384"",""instrument_type_code"":""stock"",""entry_condition"":""equals"",""entry_price"":""270.75"",""pattern_type"":""buy"",""cmp"":""287.70"",""price_key"":""stk_FEV_N"",""target_price"":null,""target_return_prcnt"":""3.79"",""stoploss_price"":null,""stoploss_prcnt"":""1.39"",""ind_id"":""-1"",""expiry_date"":null,""timeline"":[{""pattern_img"":{""1200x600"":""https://images.moneycontrol.com/technical_picks_cms/178125337246.png""},""rationale"":""Price was consolidating between resistance and support after a fall. Now price has moved above the resistance and probably on way to give Golden Cross. Which shows bullish momentum."",""action_type"":""add"",""created_at"":""2026-06-12 14:06:13"",""updated_at"":""2026-06-12 14:06:13""},{""pattern_img"":{""1200x600"":""https://images.moneycontrol.com/technical_picks_cms/178175476785.png""},""rationale"":""6.72% up"",""action_type"":""close"",""created_at"":""2026-06-18 09:23:06"",""updated_at"":""2026-06-18 09:23:06""}]}",Brijesh Bhatia,https://images.moneycontrol.com/technical_picks_cms/174590992182.png,1781754786,1781253373,mc_pro_plus,N,3
1588,21,equity,IDBI Bank,nse,Horizontal Trendline,Resistance Breakout,4 hours,IDB,Closed,Y,0,2026-06-26,2026-06-17 12:19:21,2026-06-17 09:50:30,"{""chart_type"":""mc_pro_plus"",""sc_name"":""IDBI Bank"",""sc_symbol"":""IDBI"",""sc_scripcode"":""500116"",""instrument_type_code"":""stock"",""entry_condition"":""equals"",""entry_price"":""82.13"",""pattern_type"":""buy"",""cmp"":""90.32"",""price_key"":""stk_IDB_N"",""target_price"":null,""target_return_prcnt"":""25.41"",""stoploss_price"":null,""stoploss_prcnt"":""7.46"",""ind_id"":""-1"",""expiry_date"":null,""timeline"":[{""pattern_img"":{""1200x600"":""https://images.moneycontrol.com/technical_picks_cms/178167002968.png""},""rationale"":""A horizontal resistance marks a key supply zone where sellers repeatedly capped gains. Price has now broken above this level, signaling renewed buying strength and a bullish breakout."",""action_type"":""add"",""created_at"":""2026-06-17 09:50:30"",""updated_at"":""2026-06-17 09:50:30""},{""pattern_img"":{""1200x600"":""https://images.moneycontrol.com/technical_picks_cms/178167896092.png""},""rationale"":""12.22% up"",""action_type"":""close"",""created_at"":""2026-06-17 12:19:21"",""updated_at"":""2026-06-17 12:19:21""}]}",Brijesh Bhatia,https://images.moneycontrol.com/technical_picks_cms/174590992182.png,1781678961,1781670030,mc_pro_plus,N,3
1586,21,index,NIFTY BANK,nse,Falling channel,Bullish Reversal,30 mins,in;nbx,Closed,Y,0,2026-06-26,2026-06-17 11:11:50,2026-06-16 13:34:41,"{""chart_type"":""mc_pro_plus"",""sc_name"":""NIFTY BANK"",""sc_symbol"":""23"",""sc_scripcode"":""23"",""instrument_type_code"":""index"",""entry_condition"":""equals"",""entry_price"":""57242.95"",""pattern_type"":""buy"",""cmp"":""57589.05"",""price_key"":""indices_i_in;nbx"",""target_price"":null,""target_return_prcnt"":""0.59"",""stoploss_price"":null,""stoploss_prcnt"":""0.17"",""ind_id"":""23"",""expiry_date"":null,""timeline"":[{""pattern_img"":{""1200x600"":""https://images.moneycontrol.com/technical_picks_cms/178159708066.png""},""rationale"":""A falling channel forms with lower highs and lower lows during a corrective phase. Price has broken above the channel resistance, signalling a bullish reversal and improving momentum."",""action_type"":""add"",""created_at"":""2026-06-16 13:34:41"",""updated_at"":""2026-06-16 13:34:41""},{""pattern_img"":{""1200x600"":""https://images.moneycontrol.com/technical_picks_cms/178167490936.png""},""rationale"":""352 points."",""action_type"":""close"",""created_at"":""2026-06-17 11:11:50"",""updated_at"":""2026-06-17 11:11:50""}]}",Brijesh Bhatia,https://images.moneycontrol.com/technical_picks_cms/174590992182.png,1781674910,1781597081,mc_pro_plus,N,3
1549,21,equity,Eternal,nse,Ascending Triangle,Bearish Breakdown,2 hours,Z01,Closed,Y,0,2026-06-19,2026-06-17 09:56:49,2026-06-09 10:52:29,"{""chart_type"":""mc_pro_plus"",""sc_name"":""Eternal"",""sc_symbol"":""ETERNAL"",""sc_scripcode"":""543320"",""instrument_type_code"":""stock"",""entry_condition"":""equals"",""entry_price"":""244.10"",""pattern_type"":""sell"",""cmp"":""261.40"",""price_key"":""stk_Z01_N"",""target_price"":null,""target_return_prcnt"":""4.14"",""stoploss_price"":null,""stoploss_prcnt"":""2.83"",""ind_id"":""-1"",""expiry_date"":null,""timeline"":[{""pattern_img"":{""1200x600"":""https://images.moneycontrol.com/technical_picks_cms/178098254566.png""},""rationale"":""Ascending triangle bearish breakdown. Price failed to sustain above support and broke below the rising trendline, indicating weakening buying pressure and a potential shift toward bearish momentum."",""action_type"":""add"",""created_at"":""2026-06-09 10:52:29"",""updated_at"":""2026-06-09 10:52:29""},{""pattern_img"":{""1200x600"":""https://images.moneycontrol.com/technical_picks_cms/178098254566.png""},""rationale"":""Pattern Failed"",""action_type"":""close"",""created_at"":""2026-06-17 09:56:49"",""updated_at"":""2026-06-17 09:56:49""}]}",Brijesh Bhatia,https://images.moneycontrol.com/technical_picks_cms/174590992182.png,1781670409,1780982549,mc_pro_plus,N,3
1533,21,equity,State Bank of India,nse,Horizontal Channel,Bullish Reversal,2 hours,SBI,Closed,Y,0,2026-06-19,2026-06-17 09:26:56,2026-06-04 10:54:34,"{""chart_type"":""mc_pro_plus"",""sc_name"":""State Bank of India"",""sc_symbol"":""SBIN"",""sc_scripcode"":""500112"",""instrument_type_code"":""stock"",""entry_condition"":""equals"",""entry_price"":""981.90"",""pattern_type"":""buy"",""cmp"":""1015.70"",""price_key"":""stk_SBI_N"",""target_price"":null,""target_return_prcnt"":""7.75"",""stoploss_price"":null,""stoploss_prcnt"":""2.03"",""ind_id"":""-1"",""expiry_date"":null,""timeline"":[{""pattern_img"":{""1200x600"":""https://images.moneycontrol.com/technical_picks_cms/178055067031.png""},""rationale"":""After a fall in price stock started consolidating within a Horizontal Channel. And now has broken above the resistance showing bulls in control."",""action_type"":""add"",""created_at"":""2026-06-04 10:54:34"",""updated_at"":""2026-06-04 10:54:34""},{""pattern_img"":{""1200x600"":""https://images.moneycontrol.com/technical_picks_cms/178166861565.png""},""rationale"":""4.15% up"",""action_type"":""close"",""created_at"":""2026-06-17 09:26:56"",""updated_at"":""2026-06-17 09:26:56""}]}",Brijesh Bhatia,https://images.moneycontrol.com/technical_picks_cms/174590992182.png,1781668616,1780550674,mc_pro_plus,N,3
1522,21,equity,Tata Consultancy Services,nse,Ascending Triangle,Bullish Reversal,1 hour,TCS,Closed,Y,0,2026-06-19,2026-06-17 09:22:04,2026-06-02 09:30:17,"{""chart_type"":""mc_pro_plus"",""sc_name"":""Tata Consultancy Services"",""sc_symbol"":""TCS"",""sc_scripcode"":""532540"",""instrument_type_code"":""stock"",""entry_condition"":""equals"",""entry_price"":""2368.10"",""pattern_type"":""buy"",""cmp"":""2219.40"",""price_key"":""stk_TCS_N"",""target_price"":null,""target_return_prcnt"":""4.13"",""stoploss_price"":null,""stoploss_prcnt"":""2.20"",""ind_id"":""-1"",""expiry_date"":null,""timeline"":[{""pattern_img"":{""1200x600"":""https://images.moneycontrol.com/technical_picks_cms/178037281226.png""},""rationale"":""The stock formed an ascending triangle with a flat resistance zone and a series of higher lows, reflecting growing buying pressure. The breakout from the pattern signals a bullish reversal."",""action_type"":""add"",""created_at"":""2026-06-02 09:30:17"",""updated_at"":""2026-06-02 09:30:17""},{""pattern_img"":{""1200x600"":""https://images.moneycontrol.com/technical_picks_cms/178037281226.png""},""rationale"":""Pattern Failed."",""action_type"":""close"",""created_at"":""2026-06-17 09:22:04"",""updated_at"":""2026-06-17 09:22:04""}]}",Brijesh Bhatia,https://images.moneycontrol.com/technical_picks_cms/174590992182.png,1781668324,1780372817,mc_pro_plus,N,3
1565,21,equity,Saregama India,nse,Horizontal Channel,Resistance Turn Support,1 hour,GCI,Closed,Y,0,2026-06-26,2026-06-16 10:18:26,2026-06-11 09:54:53,"{""chart_type"":""mc_pro_plus"",""sc_name"":""Saregama India"",""sc_symbol"":""SAREGAMA"",""sc_scripcode"":""532163"",""instrument_type_code"":""stock"",""entry_condition"":""equals"",""entry_price"":""442.55"",""pattern_type"":""buy"",""cmp"":""463.35"",""price_key"":""stk_GCI_N"",""target_price"":null,""target_return_prcnt"":""7.56"",""stoploss_price"":null,""stoploss_prcnt"":""3.29"",""ind_id"":""-1"",""expiry_date"":null,""timeline"":[{""pattern_img"":{""1200x600"":""https://images.moneycontrol.com/technical_picks_cms/178115189236.png""},""rationale"":""Price has successfully retested the breakout level, with previous resistance now acting as support, indicating sustained bullish strength."",""action_type"":""add"",""created_at"":""2026-06-11 09:54:53"",""updated_at"":""2026-06-11 09:54:53""},{""pattern_img"":{""1200x600"":""https://images.moneycontrol.com/technical_picks_cms/178158530564.png""},""rationale"":""4.92% up."",""action_type"":""close"",""created_at"":""2026-06-16 10:18:26"",""updated_at"":""2026-06-16 10:18:26""}]}",Brijesh Bhatia,https://images.moneycontrol.com/technical_picks_cms/174590992182.png,1781585306,1781151893,mc_pro_plus,N,3
1559,21,index,SENSEX,bse,Falling Channel,Bullish Reversal,1 hour,in;SEN,Closed,Y,0,2026-06-26,2026-06-16 09:50:38,2026-06-10 10:17:19,"{""chart_type"":""mc_pro_plus"",""sc_name"":""SENSEX"",""sc_symbol"":""4"",""sc_scripcode"":""4"",""instrument_type_code"":""index"",""entry_condition"":""equals"",""entry_price"":""74303.99"",""pattern_type"":""buy"",""cmp"":""76612.55"",""price_key"":""indices_i_in;SEN"",""target_price"":null,""target_return_prcnt"":""2.45"",""stoploss_price"":null,""stoploss_prcnt"":""2.01"",""ind_id"":""4"",""expiry_date"":null,""timeline"":[{""pattern_img"":{""1200x600"":""https://images.moneycontrol.com/technical_picks_cms/178106683565.png""},""rationale"":""After trading within a downward-sloping channel, price has moved above the channel resistance, signalling improving sentiment and a potential trend reversal."",""action_type"":""add"",""created_at"":""2026-06-10 10:17:19"",""updated_at"":""2026-06-10 10:17:19""},{""pattern_img"":{""1200x600"":""https://images.moneycontrol.com/technical_picks_cms/178125275776.png""},""rationale"":""Fresh Breakout Emerging."",""action_type"":""update"",""created_at"":""2026-06-12 13:55:58"",""updated_at"":""2026-06-12 13:55:58""},{""pattern_img"":{""1200x600"":""https://images.moneycontrol.com/technical_picks_cms/178158363711.png""},""rationale"":""1785 points up."",""action_type"":""close"",""created_at"":""2026-06-16 09:50:38"",""updated_at"":""2026-06-16 09:50:38""}]}",Brijesh Bhatia,https://images.moneycontrol.com/technical_picks_cms/174590992182.png,1781583638,1781066839,mc_pro_plus,N,3
1544,21,equity,GMR Airports,nse,Inverted Head& Shoulder,Bullish Reversal,1 day,GI27,Closed,Y,0,2026-06-26,2026-06-16 09:36:18,2026-06-08 12:02:34,"{""chart_type"":""mc_pro_plus"",""sc_name"":""GMR Airports"",""sc_symbol"":""GMRAIRPORT"",""sc_scripcode"":""532754"",""instrument_type_code"":""stock"",""entry_condition"":""equals"",""entry_price"":""102.13"",""pattern_type"":""buy"",""cmp"":""110.22"",""price_key"":""stk_GI27_N"",""target_price"":null,""target_return_prcnt"":""4.77"",""stoploss_price"":null,""stoploss_prcnt"":""2.09"",""ind_id"":""-1"",""expiry_date"":null,""timeline"":[{""pattern_img"":{""1200x600"":""https://images.moneycontrol.com/technical_picks_cms/178090035086.png""},""rationale"":""Price has formed a classic Inverted Head & Shoulders pattern, indicating a shift from bearish to bullish sentiment."",""action_type"":""add"",""created_at"":""2026-06-08 12:02:34"",""updated_at"":""2026-06-08 12:02:34""},{""pattern_img"":{""1200x600"":""https://images.moneycontrol.com/technical_picks_cms/178158277764.png""},""rationale"":""8.22% up"",""action_type"":""close"",""created_at"":""2026-06-16 09:36:18"",""updated_at"":""2026-06-16 09:36:18""}]}",Brijesh Bhatia,https://images.moneycontrol.com/technical_picks_cms/174590992182.png,1781582778,1780900354,mc_pro_plus,N,3
1548,21,equity,IDFC First Bank,nse,Ascending Triangle,Bullish Breakout,1 hour,IDF01,Closed,Y,0,2026-06-26,2026-06-15 11:25:21,2026-06-09 10:03:46,"{""chart_type"":""mc_pro_plus"",""sc_name"":""IDFC First Bank"",""sc_symbol"":""IDFCFIRSTB"",""sc_scripcode"":""539437"",""instrument_type_code"":""stock"",""entry_condition"":""equals"",""entry_price"":""74.25"",""pattern_type"":""buy"",""cmp"":""78.59"",""price_key"":""stk_IDF01_N"",""target_price"":null,""target_return_prcnt"":""2.36"",""stoploss_price"":null,""stoploss_prcnt"":""1.68"",""ind_id"":""-1"",""expiry_date"":null,""timeline"":[{""pattern_img"":{""1200x600"":""https://images.moneycontrol.com/technical_picks_cms/178097962254.png""},""rationale"":""Price formed higher lows against a strong horizontal resistance zone and has now broken above it, showing increased buying momentum and potential trend continuation."",""action_type"":""add"",""created_at"":""2026-06-09 10:03:46"",""updated_at"":""2026-06-09 10:03:46""},{""pattern_img"":{""1200x600"":""https://images.moneycontrol.com/technical_picks_cms/178150292022.png""},""rationale"":""5.95% up."",""action_type"":""close"",""created_at"":""2026-06-15 11:25:21"",""updated_at"":""2026-06-15 11:25:21""}]}",Brijesh Bhatia,https://images.moneycontrol.com/technical_picks_cms/174590992182.png,1781502921,1780979626,mc_pro_plus,N,3
1561,21,equity,Pidilite Industries,nse,Cup & Handle Pattern,Bullish Breakout,4 hours,PI11,Closed,Y,0,2026-06-26,2026-06-15 11:08:40,2026-06-10 10:41:31,"{""chart_type"":""mc_pro_plus"",""sc_name"":""Pidilite Industries"",""sc_symbol"":""PIDILITIND"",""sc_scripcode"":""500331"",""instrument_type_code"":""stock"",""entry_condition"":""equals"",""entry_price"":""1519.00"",""pattern_type"":""buy"",""cmp"":""1576.30"",""price_key"":""stk_PI11_N"",""target_price"":null,""target_return_prcnt"":""10.07"",""stoploss_price"":null,""stoploss_prcnt"":""2.04"",""ind_id"":""-1"",""expiry_date"":null,""timeline"":[{""pattern_img"":{""1200x600"":""https://images.moneycontrol.com/technical_picks_cms/178106828739.png""},""rationale"":""Cup & handle bullish breakout. Price has moved above key resistance, confirming the pattern. The breakout also validates a descending triangle breakout, signalling bullish strength."",""action_type"":""add"",""created_at"":""2026-06-10 10:41:31"",""updated_at"":""2026-06-10 10:41:31""},{""pattern_img"":{""1200x600"":""https://images.moneycontrol.com/technical_picks_cms/178150191947.png""},""rationale"":""4.75% up"",""action_type"":""close"",""created_at"":""2026-06-15 11:08:40"",""updated_at"":""2026-06-15 11:08:40""}]}",Brijesh Bhatia,https://images.moneycontrol.com/technical_picks_cms/174590992182.png,1781501920,1781068291,mc_pro_plus,N,3
1573,21,equity,Cholamandalam Investment and Finance Company,nse,Triple Bottom,Probable Triple Bottom,1 hour,CIF01,Closed,Y,0,2026-06-26,2026-06-15 09:26:13,2026-06-12 13:50:43,"{""chart_type"":""mc_pro_plus"",""sc_name"":""Cholamandalam Investment and Finance Company"",""sc_symbol"":""CHOLAFIN"",""sc_scripcode"":""511243"",""instrument_type_code"":""stock"",""entry_condition"":""equals"",""entry_price"":""1524.90"",""pattern_type"":""buy"",""cmp"":""1638.90"",""price_key"":""stk_CIF01_N"",""target_price"":null,""target_return_prcnt"":""6.83"",""stoploss_price"":null,""stoploss_prcnt"":""2.29"",""ind_id"":""-1"",""expiry_date"":null,""timeline"":[{""pattern_img"":{""1200x600"":""https://images.moneycontrol.com/technical_picks_cms/178125244274.png""},""rationale"":""Price formed three similar lows. Which shows it has formed triple bottom. If it breaks above the neckline we may see a trend reversal."",""action_type"":""add"",""created_at"":""2026-06-12 13:50:43"",""updated_at"":""2026-06-12 13:50:43""},{""pattern_img"":{""1200x600"":""https://images.moneycontrol.com/technical_picks_cms/178149577213.png""},""rationale"":""7.59% up"",""action_type"":""close"",""created_at"":""2026-06-15 09:26:13"",""updated_at"":""2026-06-15 09:26:13""}]}",Brijesh Bhatia,https://images.moneycontrol.com/technical_picks_cms/174590992182.png,1781495773,1781252443,mc_pro_plus,N,3
1571,21,equity,HDFC Bank,nse,Double Bottom,Bullish Reversal,2 hours,HDF01,Closed,Y,0,2026-06-26,2026-06-15 09:23:51,2026-06-12 10:04:41,"{""chart_type"":""mc_pro_plus"",""sc_name"":""HDFC Bank"",""sc_symbol"":""HDFCBANK"",""sc_scripcode"":""500180"",""instrument_type_code"":""stock"",""entry_condition"":""equals"",""entry_price"":""760.20"",""pattern_type"":""buy"",""cmp"":""786.70"",""price_key"":""stk_HDF01_N"",""target_price"":null,""target_return_prcnt"":""3.79"",""stoploss_price"":null,""stoploss_prcnt"":""1.47"",""ind_id"":""-1"",""expiry_date"":null,""timeline"":[{""pattern_img"":{""1200x600"":""https://images.moneycontrol.com/technical_picks_cms/178123888036.png""},""rationale"":""After a fall in price it formed a double bottom structure, showing buyers defending the lower levels. Price now has broken above the neckline showing trend reversal."",""action_type"":""add"",""created_at"":""2026-06-12 10:04:41"",""updated_at"":""2026-06-12 10:04:41""},{""pattern_img"":{""1200x600"":""https://images.moneycontrol.com/technical_picks_cms/1781495630100.png""},""rationale"":""3.87% up"",""action_type"":""close"",""created_at"":""2026-06-15 09:23:51"",""updated_at"":""2026-06-15 09:23:51""}]}",Brijesh Bhatia,https://images.moneycontrol.com/technical_picks_cms/174590992182.png,1781495631,1781238881,mc_pro_plus,N,3
1528,21,index,NIFTY 50,nse,Horizontal Trendline,Gap Field and Reversal,2 hours,in;NSX,Closed,Y,0,2026-06-12,2026-06-15 09:17:45,2026-06-03 13:28:34,"{""chart_type"":""mc_pro_plus"",""sc_name"":""NIFTY 50"",""sc_symbol"":""9"",""sc_scripcode"":""9"",""instrument_type_code"":""index"",""entry_condition"":""equals"",""entry_price"":""23332.60"",""pattern_type"":""buy"",""cmp"":""23964.55"",""price_key"":""indices_i_in;NSX"",""target_price"":null,""target_return_prcnt"":""2.95"",""stoploss_price"":null,""stoploss_prcnt"":""0.63"",""ind_id"":""9"",""expiry_date"":null,""timeline"":[{""pattern_img"":{""1200x600"":""https://images.moneycontrol.com/technical_picks_cms/178047351020.png""},""rationale"":""Price revisited the support zone of a horizontal channel after a sharp decline and showed signs of reversal. The gap-down move was absorbed near support, indicating buyers are defending lower levels."",""action_type"":""add"",""created_at"":""2026-06-03 13:28:34"",""updated_at"":""2026-06-03 13:28:34""},{""pattern_img"":{""1200x600"":""https://images.moneycontrol.com/technical_picks_cms/178106365252.png""},""rationale"":""Bounce From Support."",""action_type"":""update"",""created_at"":""2026-06-10 09:24:16"",""updated_at"":""2026-06-10 09:24:16""},{""pattern_img"":{""1200x600"":""https://images.moneycontrol.com/technical_picks_cms/178149526456.png""},""rationale"":""697 points up"",""action_type"":""close"",""created_at"":""2026-06-15 09:17:45"",""updated_at"":""2026-06-15 09:17:45""}]}",Brijesh Bhatia,https://images.moneycontrol.com/technical_picks_cms/174590992182.png,1781495265,1780473514,mc_pro_plus,N,3
1537,21,index,NIFTY BANK,nse,Descending Triangle,Approaching toward Resistance,2 hours,in;nbx,Closed,Y,0,2026-06-19,2026-06-12 09:18:35,2026-06-05 10:31:48,"{""chart_type"":""mc_pro_plus"",""sc_name"":""NIFTY BANK"",""sc_symbol"":""23"",""sc_scripcode"":""23"",""instrument_type_code"":""index"",""entry_condition"":""equals"",""entry_price"":""54664.30"",""pattern_type"":""buy"",""cmp"":""55943.15"",""price_key"":""indices_i_in;nbx"",""target_price"":null,""target_return_prcnt"":""2.74"",""stoploss_price"":null,""stoploss_prcnt"":""1.22"",""ind_id"":""23"",""expiry_date"":null,""timeline"":[{""pattern_img"":{""1200x600"":""https://images.moneycontrol.com/technical_picks_cms/178063570497.png""},""rationale"":""Descending triangle approaching resistance. Price is moving toward the falling trendline after repeatedly holding horizontal support. A breakout above resistance could signal a bullish reversal."",""action_type"":""add"",""created_at"":""2026-06-05 10:31:48"",""updated_at"":""2026-06-05 10:31:48""},{""pattern_img"":{""1200x600"":""https://images.moneycontrol.com/technical_picks_cms/178098745258.png""},""rationale"":""Fresh Resistance Breakout."",""action_type"":""update"",""created_at"":""2026-06-09 12:14:16"",""updated_at"":""2026-06-09 12:14:16""},{""pattern_img"":{""1200x600"":""https://images.moneycontrol.com/technical_picks_cms/178123611442.png""},""rationale"":""1187 Points up."",""action_type"":""close"",""created_at"":""2026-06-12 09:18:35"",""updated_at"":""2026-06-12 09:18:35""}]}",Brijesh Bhatia,https://images.moneycontrol.com/technical_picks_cms/174590992182.png,1781236115,1780635708,mc_pro_plus,N,3
1552,21,equity,Kotak Mahindra Bank,nse,Double Bottom,Probable Double Bottom,1 hour,KMF,Closed,Y,0,2026-06-26,2026-06-11 14:14:38,2026-06-09 11:45:17,"{""chart_type"":""mc_pro_plus"",""sc_name"":""Kotak Mahindra Bank"",""sc_symbol"":""KOTAKBANK"",""sc_scripcode"":""500247"",""instrument_type_code"":""stock"",""entry_condition"":""equals"",""entry_price"":""378.90"",""pattern_type"":""buy"",""cmp"":""395.70"",""price_key"":""stk_KMF_N"",""target_price"":null,""target_return_prcnt"":""2.93"",""stoploss_price"":null,""stoploss_prcnt"":""0.77"",""ind_id"":""-1"",""expiry_date"":null,""timeline"":[{""pattern_img"":{""1200x600"":""https://images.moneycontrol.com/technical_picks_cms/178098571243.png""},""rationale"":""Price has formed two lows near the same support zone, indicating selling pressure may be weakening. A breakout above resistance could confirm a bullish reversal."",""action_type"":""add"",""created_at"":""2026-06-09 11:45:17"",""updated_at"":""2026-06-09 11:45:17""},{""pattern_img"":{""1200x600"":""https://images.moneycontrol.com/technical_picks_cms/178116747776.png""},""rationale"":""3% up"",""action_type"":""close"",""created_at"":""2026-06-11 14:14:38"",""updated_at"":""2026-06-11 14:14:38""}]}",Brijesh Bhatia,https://images.moneycontrol.com/technical_picks_cms/174590992182.png,1781167478,1780985717,mc_pro_plus,N,3
1531,21,equity,Himadri Speciality Chemical,nse,Falling Trendline,Bullish Reversal,2 hours,HCI01,Closed,Y,0,2026-06-12,2026-06-10 11:27:56,2026-06-04 10:07:50,"{""chart_type"":""mc_pro_plus"",""sc_name"":""Himadri Speciality Chemical"",""sc_symbol"":""HSCL"",""sc_scripcode"":""500184"",""instrument_type_code"":""stock"",""entry_condition"":""equals"",""entry_price"":""622.00"",""pattern_type"":""buy"",""cmp"":""701.45"",""price_key"":""stk_HCI01_N"",""target_price"":null,""target_return_prcnt"":""4.98"",""stoploss_price"":null,""stoploss_prcnt"":""3.22"",""ind_id"":""-1"",""expiry_date"":null,""timeline"":[{""pattern_img"":{""1200x600"":""https://images.moneycontrol.com/technical_picks_cms/178054786696.png""},""rationale"":""A falling trendline with breakout and RSI above 60 level, shows that bulls and stepping in after a small consolidation phase."",""action_type"":""add"",""created_at"":""2026-06-04 10:07:50"",""updated_at"":""2026-06-04 10:07:50""},{""pattern_img"":{""1200x600"":""https://images.moneycontrol.com/technical_picks_cms/178107107116.png""},""rationale"":""12.57% up"",""action_type"":""close"",""created_at"":""2026-06-10 11:27:56"",""updated_at"":""2026-06-10 11:27:56""}]}",Brijesh Bhatia,https://images.moneycontrol.com/technical_picks_cms/174590992182.png,1781071076,1780547870,mc_pro_plus,N,3
1547,21,equity,Cemindia Projects,nse,Rectangle Pattern,52-week high breakouts,1 hour,THC,Closed,Y,0,2026-06-26,2026-06-10 09:21:38,2026-06-09 09:59:40,"{""chart_type"":""mc_pro_plus"",""sc_name"":""Cemindia Projects"",""sc_symbol"":""CEMPRO"",""sc_scripcode"":""509496"",""instrument_type_code"":""stock"",""entry_condition"":""equals"",""entry_price"":""1164.50"",""pattern_type"":""buy"",""cmp"":""1239.00"",""price_key"":""stk_THC_N"",""target_price"":null,""target_return_prcnt"":""4.51"",""stoploss_price"":null,""stoploss_prcnt"":""2.96"",""ind_id"":""-1"",""expiry_date"":null,""timeline"":[{""pattern_img"":{""1200x600"":""https://images.moneycontrol.com/technical_picks_cms/178097937513.png""},""rationale"":""Price has broken above the upper boundary of the consolidation range and surpassed its 52-week high, indicating strong buying momentum and a potential continuation of the uptrend."",""action_type"":""add"",""created_at"":""2026-06-09 09:59:40"",""updated_at"":""2026-06-09 10:06:54""},{""pattern_img"":{""1200x600"":""https://images.moneycontrol.com/technical_picks_cms/178106349488.png""},""rationale"":""5.26% up"",""action_type"":""close"",""created_at"":""2026-06-10 09:21:38"",""updated_at"":""2026-06-10 09:21:38""}]}",Brijesh Bhatia,https://images.moneycontrol.com/technical_picks_cms/174590992182.png,1781063498,1780979380,mc_pro_plus,N,3
1532,21,equity,Paras Defence and Space Technologies,nse,Symmetrical Triangle,Bullish Continuation,2 hours,PDS01,Closed,Y,0,2026-06-19,2026-06-05 10:37:34,2026-06-04 10:21:43,"{""chart_type"":""mc_pro_plus"",""sc_name"":""Paras Defence and Space Technologies"",""sc_symbol"":""PARAS"",""sc_scripcode"":""543367"",""instrument_type_code"":""stock"",""entry_condition"":""equals"",""entry_price"":""901.80"",""pattern_type"":""buy"",""cmp"":""964.75"",""price_key"":""stk_PDS01_N"",""target_price"":null,""target_return_prcnt"":""15.10"",""stoploss_price"":null,""stoploss_prcnt"":""6.85"",""ind_id"":""-1"",""expiry_date"":null,""timeline"":[{""pattern_img"":{""1200x600"":""https://images.moneycontrol.com/technical_picks_cms/178054869925.png""},""rationale"":""A symmetrical candle has formed with bullish breakout. A strong candle to break the resistance, shown strong bullish momentum."",""action_type"":""add"",""created_at"":""2026-06-04 10:21:43"",""updated_at"":""2026-06-04 10:21:43""},{""pattern_img"":{""1200x600"":""https://images.moneycontrol.com/technical_picks_cms/178063605078.png""},""rationale"":""7.68% up"",""action_type"":""close"",""created_at"":""2026-06-05 10:37:34"",""updated_at"":""2026-06-05 10:37:34""}]}",Brijesh Bhatia,https://images.moneycontrol.com/technical_picks_cms/174590992182.png,1780636054,1780548703,mc_pro_plus,N,3
1529,21,equity,Titan Company,nse,Horizontal Channel,Reversal From Support,1 hour,TI01,Closed,Y,0,2026-06-12,2026-06-05 09:26:35,2026-06-03 13:42:18,"{""chart_type"":""mc_pro_plus"",""sc_name"":""Titan Company"",""sc_symbol"":""TITAN"",""sc_scripcode"":""500114"",""instrument_type_code"":""stock"",""entry_condition"":""equals"",""entry_price"":""4036.40"",""pattern_type"":""buy"",""cmp"":""4251.00"",""price_key"":""stk_TI01_N"",""target_price"":null,""target_return_prcnt"":""3.81"",""stoploss_price"":null,""stoploss_prcnt"":""0.83"",""ind_id"":""-1"",""expiry_date"":null,""timeline"":[{""pattern_img"":{""1200x600"":""https://images.moneycontrol.com/technical_picks_cms/178047433314.png""},""rationale"":""Price bounced from the support area of the horizontal channel, indicating strong buying interest at lower levels and a potential upward move within the range."",""action_type"":""add"",""created_at"":""2026-06-03 13:42:18"",""updated_at"":""2026-06-03 13:42:18""},{""pattern_img"":{""1200x600"":""https://images.moneycontrol.com/technical_picks_cms/178063179115.png""},""rationale"":""5% up"",""action_type"":""close"",""created_at"":""2026-06-05 09:26:35"",""updated_at"":""2026-06-05 09:26:35""}]}",Brijesh Bhatia,https://images.moneycontrol.com/technical_picks_cms/174590992182.png,1780631795,1780474338,mc_pro_plus,N,3
1523,21,index,NIFTY 50,nse,Horizontal Channel,Reversal From Support,1 hour,in;NSX,Closed,Y,0,2026-06-12,2026-06-02 13:48:42,2026-06-02 09:56:10,"{""chart_type"":""mc_pro_plus"",""sc_name"":""NIFTY 50"",""sc_symbol"":""9"",""sc_scripcode"":""9"",""instrument_type_code"":""index"",""entry_condition"":""equals"",""entry_price"":""23282.20"",""pattern_type"":""buy"",""cmp"":""23511.10"",""price_key"":""indices_i_in;NSX"",""target_price"":null,""target_return_prcnt"":""2.25"",""stoploss_price"":null,""stoploss_prcnt"":""0.23"",""ind_id"":""9"",""expiry_date"":null,""timeline"":[{""pattern_img"":{""1200x600"":""https://images.moneycontrol.com/technical_picks_cms/178037436574.png""},""rationale"":""Price has rebounded from the lower boundary of the horizontal channel, indicating strong demand at support levels. The reaction suggests buyers are stepping in to defend the range."",""action_type"":""add"",""created_at"":""2026-06-02 09:56:10"",""updated_at"":""2026-06-02 09:56:10""},{""pattern_img"":{""1200x600"":""https://images.moneycontrol.com/technical_picks_cms/178038831720.png""},""rationale"":""233 points up."",""action_type"":""close"",""created_at"":""2026-06-02 13:48:42"",""updated_at"":""2026-06-02 13:48:42""}]}",Brijesh Bhatia,https://images.moneycontrol.com/technical_picks_cms/174590992182.png,1780388322,1780374370,mc_pro_plus,N,3
