pattern_id,userid,instrument_type,instrument,exchange,pattern_name,comment,time_frame,sc_id,p_status,is_closed,is_deleted,end_date,updated_at,created_at,meta_data,analyst_name,analyst_image,updated_at_epoch,created_at_epoch,chartType,displayLock,scanproflg,id
1763,21,equity,REC,nse,Rising Trendline,Reversal From Support,4 hours,REC02,Closed,Y,0,1970-01-01,2026-08-17 13:39:13,2026-08-12 15:07:29,"{""chart_type"":""mc_pro_plus"",""sc_name"":""REC"",""sc_symbol"":""RECLTD"",""sc_scripcode"":""532955"",""instrument_type_code"":""stock"",""entry_condition"":""equals"",""entry_price"":""346.50"",""pattern_type"":""buy"",""cmp"":""338.40"",""price_key"":""stk_REC02_N"",""target_price"":null,""target_return_prcnt"":""7.94"",""stoploss_price"":null,""stoploss_prcnt"":""2.45"",""ind_id"":""-1"",""expiry_date"":null,""timeline"":[{""pattern_img"":{""1200x600"":""https://images.moneycontrol.com/technical_picks_cms/178652744840.png""},""rationale"":""Price has reversed from the rising trendline support, indicating buyers are defending the trend and bullish momentum is returning."",""action_type"":""add"",""created_at"":""2026-08-12 15:07:29"",""updated_at"":""2026-08-12 15:07:29""},{""pattern_img"":{""1200x600"":""https://images.moneycontrol.com/technical_picks_cms/178652744840.png""},""rationale"":""Negated!"",""action_type"":""close"",""created_at"":""2026-08-17 13:39:13"",""updated_at"":""2026-08-17 13:39:13""}]}",Brijesh Bhatia,https://images.moneycontrol.com/technical_picks_cms/174590992182.png,1786954153,1786527449,mc_pro_plus,N,3,
1774,21,future,NIFTY 50 - 25 August 2026,nse,RSI Diversion,Divergence at 200HEMA,1 hour,NIFTY,Closed,Y,0,1970-01-01,2026-08-17 13:17:52,2026-08-17 11:57:28,"{""chart_type"":""mc_pro_plus"",""sc_name"":""NIFTY 50 - 25 August 2026"",""sc_symbol"":""NIFTY"",""sc_scripcode"":"""",""instrument_type_code"":""FUTIDX"",""entry_condition"":""equals"",""entry_price"":""24321.80"",""pattern_type"":""buy"",""cmp"":""24416.00"",""price_key"":""futidx_NIFTY_2026-08-25"",""target_price"":null,""target_return_prcnt"":""1.77"",""stoploss_price"":null,""stoploss_prcnt"":""0.39"",""ind_id"":""9"",""expiry_date"":""2026-08-25"",""timeline"":[{""pattern_img"":{""1200x600"":""https://images.moneycontrol.com/technical_picks_cms/178694804784.png""},""rationale"":""Price is reversing from a falling trendline and RSI reversing from a rising trendline, a classic diversion pattern."",""action_type"":""add"",""created_at"":""2026-08-17 11:57:28"",""updated_at"":""2026-08-17 11:57:28""},{""pattern_img"":{""1200x600"":""https://images.moneycontrol.com/technical_picks_cms/178695287180.png""},""rationale"":""106 Points up."",""action_type"":""close"",""created_at"":""2026-08-17 13:17:52"",""updated_at"":""2026-08-17 13:17:52""}]}",Brijesh Bhatia,https://images.moneycontrol.com/technical_picks_cms/174590992182.png,1786952872,1786948048,mc_pro_plus,N,3,
1766,21,equity,Oberoi Realty,nse,Falling Trendline,Bullish Reversal,2 hours,OR,Closed,Y,0,1970-01-01,2026-08-17 12:14:09,2026-08-13 10:56:50,"{""chart_type"":""mc_pro_plus"",""sc_name"":""Oberoi Realty"",""sc_symbol"":""OBEROIRLTY"",""sc_scripcode"":""533273"",""instrument_type_code"":""stock"",""entry_condition"":""equals"",""entry_price"":""1817.00"",""pattern_type"":""buy"",""cmp"":""1933.00"",""price_key"":""stk_OR_N"",""target_price"":null,""target_return_prcnt"":""6.27"",""stoploss_price"":null,""stoploss_prcnt"":""2.70"",""ind_id"":""-1"",""expiry_date"":null,""timeline"":[{""pattern_img"":{""1200x600"":""https://images.moneycontrol.com/technical_picks_cms/178659880922.png""},""rationale"":""Price has broken above the falling trendline, signaling a potential bullish reversal as buyers regain control and downward pressure weakens."",""action_type"":""add"",""created_at"":""2026-08-13 10:56:50"",""updated_at"":""2026-08-13 10:56:50""},{""pattern_img"":{""1200x600"":""https://images.moneycontrol.com/technical_picks_cms/178694904749.png""},""rationale"":""6.69% up."",""action_type"":""close"",""created_at"":""2026-08-17 12:14:09"",""updated_at"":""2026-08-17 12:14:09""}]}",Brijesh Bhatia,https://images.moneycontrol.com/technical_picks_cms/174590992182.png,1786949049,1786598810,mc_pro_plus,N,3,
1737,21,equity,Tata Motors,nse,Inverted Head& Shoulder,Breakout Retest,4 hours,TML02,Closed,Y,0,1970-01-01,2026-08-17 11:38:56,2026-08-04 13:48:02,"{""chart_type"":""mc_pro_plus"",""sc_name"":""Tata Motors"",""sc_symbol"":""TMCV"",""sc_scripcode"":""544569"",""instrument_type_code"":""stock"",""entry_condition"":""equals"",""entry_price"":""448.20"",""pattern_type"":""buy"",""cmp"":""468.20"",""price_key"":""stk_TML02_N"",""target_price"":null,""target_return_prcnt"":""10.66"",""stoploss_price"":null,""stoploss_prcnt"":""4.06"",""ind_id"":""-1"",""expiry_date"":null,""timeline"":[{""pattern_img"":{""1200x600"":""https://images.moneycontrol.com/technical_picks_cms/178583148166.png""},""rationale"":""Price has successfully retested the neckline after the breakout, confirming the inverted Head & Shoulders reversal."",""action_type"":""add"",""created_at"":""2026-08-04 13:48:02"",""updated_at"":""2026-08-04 13:48:02""},{""pattern_img"":{""1200x600"":""https://images.moneycontrol.com/technical_picks_cms/178694693513.png""},""rationale"":""4.39% up."",""action_type"":""close"",""created_at"":""2026-08-17 11:38:56"",""updated_at"":""2026-08-17 11:38:56""}]}",Brijesh Bhatia,https://images.moneycontrol.com/technical_picks_cms/174590992182.png,1786946936,1785831482,mc_pro_plus,N,3,
1743,21,equity,Hindustan Aeronautics,nse,Falling Trendline,Bullish Reversal,1 day,HAL,Closed,Y,0,1970-01-01,2026-08-17 11:32:11,2026-08-06 09:32:38,"{""chart_type"":""mc_pro_plus"",""sc_name"":""Hindustan Aeronautics"",""sc_symbol"":""HAL"",""sc_scripcode"":""541154"",""instrument_type_code"":""stock"",""entry_condition"":""equals"",""entry_price"":""4821.40"",""pattern_type"":""buy"",""cmp"":""5092.60"",""price_key"":""stk_HAL_N"",""target_price"":null,""target_return_prcnt"":""11.21"",""stoploss_price"":null,""stoploss_prcnt"":""4.65"",""ind_id"":""-1"",""expiry_date"":null,""timeline"":[{""pattern_img"":{""1200x600"":""https://images.moneycontrol.com/technical_picks_cms/178598895767.png""},""rationale"":""The breakout above the falling trendline suggests buyers are regaining momentum and bullish sentiment is improving."",""action_type"":""add"",""created_at"":""2026-08-06 09:32:38"",""updated_at"":""2026-08-06 09:32:38""},{""pattern_img"":{""1200x600"":""https://images.moneycontrol.com/technical_picks_cms/178694653086.png""},""rationale"":""5.79% up."",""action_type"":""close"",""created_at"":""2026-08-17 11:32:11"",""updated_at"":""2026-08-17 11:32:11""}]}",Brijesh Bhatia,https://images.moneycontrol.com/technical_picks_cms/174590992182.png,1786946531,1785988958,mc_pro_plus,N,3,
1761,21,equity,HDFC Asset Management Company,nse,Rising Trendline,Bearish Breakdown,4 hours,HAM02,Closed,Y,0,1970-01-01,2026-08-17 11:04:34,2026-08-12 11:17:05,"{""chart_type"":""mc_pro_plus"",""sc_name"":""HDFC Asset Management Company"",""sc_symbol"":""HDFCAMC"",""sc_scripcode"":""541729"",""instrument_type_code"":""stock"",""entry_condition"":""equals"",""entry_price"":""2490.30"",""pattern_type"":""sell"",""cmp"":""2528.60"",""price_key"":""stk_HAM02_N"",""target_price"":null,""target_return_prcnt"":""4.07"",""stoploss_price"":null,""stoploss_prcnt"":""2.72"",""ind_id"":""-1"",""expiry_date"":null,""timeline"":[{""pattern_img"":{""1200x600"":""https://images.moneycontrol.com/technical_picks_cms/178651362367.png""},""rationale"":""Price has broken below the rising trendline support, signaling a bearish breakdown and a potential shift in momentum toward sellers."",""action_type"":""add"",""created_at"":""2026-08-12 11:17:05"",""updated_at"":""2026-08-12 11:17:05""},{""pattern_img"":{""1200x600"":""https://images.moneycontrol.com/technical_picks_cms/178651362367.png""},""rationale"":""Negated!"",""action_type"":""close"",""created_at"":""2026-08-17 11:04:34"",""updated_at"":""2026-08-17 11:04:34""}]}",Brijesh Bhatia,https://images.moneycontrol.com/technical_picks_cms/174590992182.png,1786944874,1786513625,mc_pro_plus,N,3,
1771,21,index,NIFTY 50,nse,Symmetrical Triangle,Bullish Reversal,30 mins,in;NSX,Closed,Y,0,1970-01-01,2026-08-17 10:00:49,2026-08-14 13:57:38,"{""chart_type"":""mc_pro_plus"",""sc_name"":""NIFTY 50"",""sc_symbol"":""9"",""sc_scripcode"":""9"",""instrument_type_code"":""index"",""entry_condition"":""equals"",""entry_price"":""24384.80"",""pattern_type"":""buy"",""cmp"":""24285.10"",""price_key"":""indices_i_in;NSX"",""target_price"":null,""target_return_prcnt"":""0.43"",""stoploss_price"":null,""stoploss_prcnt"":""0.24"",""ind_id"":""9"",""expiry_date"":null,""timeline"":[{""pattern_img"":{""1200x600"":""https://images.moneycontrol.com/technical_picks_cms/178669605768.png""},""rationale"":""Symmetrical Triangle pattern signals a bullish reversal, with price breaking out of the formation and indicating renewed buying momentum."",""action_type"":""add"",""created_at"":""2026-08-14 13:57:38"",""updated_at"":""2026-08-14 13:57:38""},{""pattern_img"":{""1200x600"":""https://images.moneycontrol.com/technical_picks_cms/178669605768.png""},""rationale"":""Pattern Failed."",""action_type"":""close"",""created_at"":""2026-08-17 10:00:49"",""updated_at"":""2026-08-17 10:00:49""}]}",Brijesh Bhatia,https://images.moneycontrol.com/technical_picks_cms/174590992182.png,1786941049,1786696058,mc_pro_plus,N,3,
1765,21,equity,Ashok Leyland,nse,Horizontal Trendline,Bullish Reversal,1 day,AL,Closed,Y,0,1970-01-01,2026-08-14 14:44:35,2026-08-13 10:14:41,"{""chart_type"":""mc_pro_plus"",""sc_name"":""Ashok Leyland"",""sc_symbol"":""ASHOKLEY"",""sc_scripcode"":""500477"",""instrument_type_code"":""stock"",""entry_condition"":""equals"",""entry_price"":""181.70"",""pattern_type"":""buy"",""cmp"":""173.09"",""price_key"":""stk_AL_N"",""target_price"":null,""target_return_prcnt"":""14.47"",""stoploss_price"":null,""stoploss_prcnt"":""5.34"",""ind_id"":""-1"",""expiry_date"":null,""timeline"":[{""pattern_img"":{""1200x600"":""https://images.moneycontrol.com/technical_picks_cms/178659628057.png""},""rationale"":""After a fall, price consolidated sideways before breaking above horizontal resistance, signaling the start of a potential bullish trend."",""action_type"":""add"",""created_at"":""2026-08-13 10:14:41"",""updated_at"":""2026-08-13 10:14:41""},{""pattern_img"":{""1200x600"":""https://images.moneycontrol.com/technical_picks_cms/178659628057.png""},""rationale"":""Pattern Failed."",""action_type"":""close"",""created_at"":""2026-08-14 14:44:35"",""updated_at"":""2026-08-14 14:44:35""}]}",Brijesh Bhatia,https://images.moneycontrol.com/technical_picks_cms/174590992182.png,1786698875,1786596281,mc_pro_plus,N,3,
1711,21,equity,DLF,nse,Descending Triangle,Bullish Reversal,1 hour,D04,Closed,Y,0,1970-01-01,2026-08-14 09:04:25,2026-07-28 11:28:01,"{""chart_type"":""mc_pro_plus"",""sc_name"":""DLF"",""sc_symbol"":""DLF"",""sc_scripcode"":""532868"",""instrument_type_code"":""stock"",""entry_condition"":""equals"",""entry_price"":""662.25"",""pattern_type"":""buy"",""cmp"":""664.00"",""price_key"":""stk_D04_N"",""target_price"":null,""target_return_prcnt"":""4.04"",""stoploss_price"":null,""stoploss_prcnt"":""2.15"",""ind_id"":""-1"",""expiry_date"":null,""timeline"":[{""pattern_img"":{""1200x600"":""https://images.moneycontrol.com/technical_picks_cms/178521828089.png""},""rationale"":""After a short rally, price entered a consolidation phase and has now broken above resistance, signaling renewed bullish momentum"",""action_type"":""add"",""created_at"":""2026-07-28 11:28:01"",""updated_at"":""2026-07-28 11:28:01""},{""pattern_img"":{""1200x600"":""https://images.moneycontrol.com/technical_picks_cms/178521828089.png""},""rationale"":""Pattern Failed."",""action_type"":""close"",""created_at"":""2026-08-14 09:04:25"",""updated_at"":""2026-08-14 09:04:25""}]}",Brijesh Bhatia,https://images.moneycontrol.com/technical_picks_cms/174590992182.png,1786678465,1785218281,mc_pro_plus,N,3,
1729,21,equity,Crompton Greaves Consumer Electrical,nse,Falling Trendline,Breakout Retest,4 hours,CGC01,Closed,Y,0,1970-01-01,2026-08-13 17:58:00,2026-08-03 10:39:45,"{""chart_type"":""mc_pro_plus"",""sc_name"":""Crompton Greaves Consumer Electrical"",""sc_symbol"":""CROMPTON"",""sc_scripcode"":""539876"",""instrument_type_code"":""stock"",""entry_condition"":""equals"",""entry_price"":""267.30"",""pattern_type"":""buy"",""cmp"":""248.15"",""price_key"":""stk_CGC01_N"",""target_price"":null,""target_return_prcnt"":""9.99"",""stoploss_price"":null,""stoploss_prcnt"":""6.10"",""ind_id"":""-1"",""expiry_date"":null,""timeline"":[{""pattern_img"":{""1200x600"":""https://images.moneycontrol.com/technical_picks_cms/178573378482.png""},""rationale"":""A massive candle that led to a breakout, visited the same level again as a support and now has moved above its previous swing high."",""action_type"":""add"",""created_at"":""2026-08-03 10:39:45"",""updated_at"":""2026-08-03 10:39:45""},{""pattern_img"":{""1200x600"":""https://images.moneycontrol.com/technical_picks_cms/178573378482.png""},""rationale"":""Negated!"",""action_type"":""close"",""created_at"":""2026-08-13 17:58:00"",""updated_at"":""2026-08-13 17:58:00""}]}",Brijesh Bhatia,https://images.moneycontrol.com/technical_picks_cms/174590992182.png,1786624080,1785733785,mc_pro_plus,N,3,
1702,21,equity,Bharat Heavy Electricals,nse,Falling Trendine,Bullish Reversal,30 mins,BHE,Closed,Y,0,1970-01-01,2026-08-12 11:06:49,2026-07-24 11:54:52,"{""chart_type"":""mc_pro_plus"",""sc_name"":""Bharat Heavy Electricals"",""sc_symbol"":""BHEL"",""sc_scripcode"":""500103"",""instrument_type_code"":""stock"",""entry_condition"":""equals"",""entry_price"":""411.90"",""pattern_type"":""buy"",""cmp"":""405.85"",""price_key"":""stk_BHE_N"",""target_price"":null,""target_return_prcnt"":""4.15"",""stoploss_price"":null,""stoploss_prcnt"":""2.40"",""ind_id"":""-1"",""expiry_date"":null,""timeline"":[{""pattern_img"":{""1200x600"":""https://images.moneycontrol.com/technical_picks_cms/178487429133.png""},""rationale"":""A falling trendline breakout shows that buyers have broken above the resistance, and now we may see an upward move."",""action_type"":""add"",""created_at"":""2026-07-24 11:54:52"",""updated_at"":""2026-07-24 11:54:52""},{""pattern_img"":{""1200x600"":""https://images.moneycontrol.com/technical_picks_cms/178487429133.png""},""rationale"":""Negated!"",""action_type"":""close"",""created_at"":""2026-08-12 11:06:49"",""updated_at"":""2026-08-12 11:06:49""}]}",Brijesh Bhatia,https://images.moneycontrol.com/technical_picks_cms/174590992182.png,1786513009,1784874292,mc_pro_plus,N,3,
1741,21,equity,One 97 Communications Paytm,nse,Cup& Handle,Bullish Breakout,1 day,OC10,Closed,Y,0,1970-01-01,2026-08-12 09:37:43,2026-08-05 13:36:40,"{""chart_type"":""mc_pro_plus"",""sc_name"":""One 97 Communications Paytm"",""sc_symbol"":""PAYTM"",""sc_scripcode"":""543396"",""instrument_type_code"":""stock"",""entry_condition"":""equals"",""entry_price"":""1433.00"",""pattern_type"":""buy"",""cmp"":""1604.00"",""price_key"":""stk_OC10_N"",""target_price"":null,""target_return_prcnt"":""26.45"",""stoploss_price"":null,""stoploss_prcnt"":""6.07"",""ind_id"":""-1"",""expiry_date"":null,""timeline"":[{""pattern_img"":{""1200x600"":""https://images.moneycontrol.com/technical_picks_cms/178591719946.png""},""rationale"":""The successful Cup & Handle breakout reflects strong accumulation and sustained buying interest."",""action_type"":""add"",""created_at"":""2026-08-05 13:36:40"",""updated_at"":""2026-08-05 13:36:40""},{""pattern_img"":{""1200x600"":""https://images.moneycontrol.com/technical_picks_cms/178650766278.png""},""rationale"":""12.16% up."",""action_type"":""close"",""created_at"":""2026-08-12 09:37:43"",""updated_at"":""2026-08-12 09:37:43""}]}",Brijesh Bhatia,https://images.moneycontrol.com/technical_picks_cms/174590992182.png,1786507663,1785917200,mc_pro_plus,N,3,
1732,21,equity,Eternal,nse,Horizontal Trendline,Breakout Retest,1 hour,Z01,Closed,Y,0,1970-01-01,2026-08-12 09:35:16,2026-08-03 13:19:37,"{""chart_type"":""mc_pro_plus"",""sc_name"":""Eternal"",""sc_symbol"":""ETERNAL"",""sc_scripcode"":""543320"",""instrument_type_code"":""stock"",""entry_condition"":""equals"",""entry_price"":""308.85"",""pattern_type"":""buy"",""cmp"":""317.35"",""price_key"":""stk_Z01_N"",""target_price"":null,""target_return_prcnt"":""3.61"",""stoploss_price"":null,""stoploss_prcnt"":""3.19"",""ind_id"":""-1"",""expiry_date"":null,""timeline"":[{""pattern_img"":{""1200x600"":""https://images.moneycontrol.com/technical_picks_cms/178574337663.png""},""rationale"":""A horizontal resistance was tested as a support. A reversal from this level suggests buyers are willing to enter at this level."",""action_type"":""add"",""created_at"":""2026-08-03 13:19:37"",""updated_at"":""2026-08-03 13:19:37""},{""pattern_img"":{""1200x600"":""https://images.moneycontrol.com/technical_picks_cms/178650751581.png""},""rationale"":""Not moving as expected."",""action_type"":""close"",""created_at"":""2026-08-12 09:35:16"",""updated_at"":""2026-08-12 09:35:16""}]}",Brijesh Bhatia,https://images.moneycontrol.com/technical_picks_cms/174590992182.png,1786507516,1785743377,mc_pro_plus,N,3,
1759,21,equity,Zydus Lifesciences,nse,Descending Triangle,Bullish Reversal,2 hours,CHC,Closed,Y,0,1970-01-01,2026-08-12 09:20:44,2026-08-11 11:58:03,"{""chart_type"":""mc_pro_plus"",""sc_name"":""Zydus Lifesciences"",""sc_symbol"":""ZYDUSLIFE"",""sc_scripcode"":""532321"",""instrument_type_code"":""stock"",""entry_condition"":""equals"",""entry_price"":""1149.00"",""pattern_type"":""buy"",""cmp"":""1175.00"",""price_key"":""stk_CHC_N"",""target_price"":null,""target_return_prcnt"":""3.66"",""stoploss_price"":null,""stoploss_prcnt"":""2.44"",""ind_id"":""-1"",""expiry_date"":null,""timeline"":[{""pattern_img"":{""1200x600"":""https://images.moneycontrol.com/technical_picks_cms/178642968278.png""},""rationale"":""The Descending Triangle pattern is showing a bullish reversal as price breaks above the pattern resistance, signaling renewed buying momentum."",""action_type"":""add"",""created_at"":""2026-08-11 11:58:03"",""updated_at"":""2026-08-11 11:58:03""},{""pattern_img"":{""1200x600"":""https://images.moneycontrol.com/technical_picks_cms/178650664222.png""},""rationale"":""2.89% up."",""action_type"":""close"",""created_at"":""2026-08-12 09:20:44"",""updated_at"":""2026-08-12 09:20:44""}]}",Brijesh Bhatia,https://images.moneycontrol.com/technical_picks_cms/174590992182.png,1786506644,1786429683,mc_pro_plus,N,3,
1750,21,equity,Bharat Forge,nse,All-Time High Breakout,Multiple Resistance Breakout,1 hour,BFC,Closed,Y,0,1970-01-01,2026-08-10 14:28:07,2026-08-07 10:56:32,"{""chart_type"":""mc_pro_plus"",""sc_name"":""Bharat Forge"",""sc_symbol"":""BHARATFORG"",""sc_scripcode"":""500493"",""instrument_type_code"":""stock"",""entry_condition"":""equals"",""entry_price"":""2254.10"",""pattern_type"":""buy"",""cmp"":""2101.00"",""price_key"":""stk_BFC_N"",""target_price"":null,""target_return_prcnt"":""10.91"",""stoploss_price"":null,""stoploss_prcnt"":""3.51"",""ind_id"":""-1"",""expiry_date"":null,""timeline"":[{""pattern_img"":{""1200x600"":""https://images.moneycontrol.com/technical_picks_cms/178608039185.png""},""rationale"":""The multiple resistance breakout at an all-time high indicates trend resumption."",""action_type"":""add"",""created_at"":""2026-08-07 10:56:32"",""updated_at"":""2026-08-07 10:56:32""},{""pattern_img"":{""1200x600"":""https://images.moneycontrol.com/technical_picks_cms/178608039185.png""},""rationale"":""Pattern Failed."",""action_type"":""close"",""created_at"":""2026-08-10 14:28:07"",""updated_at"":""2026-08-10 14:28:07""}]}",Brijesh Bhatia,https://images.moneycontrol.com/technical_picks_cms/174590992182.png,1786352287,1786080392,mc_pro_plus,N,3,
1744,21,equity,Tata Technologies,nse,Horizontal Trendline,Bullish Breakout,1 day,TTL01,Closed,Y,0,1970-01-01,2026-08-07 15:26:53,2026-08-06 10:02:23,"{""chart_type"":""mc_pro_plus"",""sc_name"":""Tata Technologies"",""sc_symbol"":""TATATECH"",""sc_scripcode"":""544028"",""instrument_type_code"":""stock"",""entry_condition"":""equals"",""entry_price"":""793.00"",""pattern_type"":""buy"",""cmp"":""878.05"",""price_key"":""stk_TTL01_N"",""target_price"":null,""target_return_prcnt"":""11.35"",""stoploss_price"":null,""stoploss_prcnt"":""5.42"",""ind_id"":""-1"",""expiry_date"":null,""timeline"":[{""pattern_img"":{""1200x600"":""https://images.moneycontrol.com/technical_picks_cms/178599074178.png""},""rationale"":""Price has broken above the horizontal resistance, confirming a bullish breakout and renewed buying momentum."",""action_type"":""add"",""created_at"":""2026-08-06 10:02:23"",""updated_at"":""2026-08-06 10:14:23""},{""pattern_img"":{""1200x600"":""https://images.moneycontrol.com/technical_picks_cms/178599209518.png""},""rationale"":""Ascending triangle breakout."",""action_type"":""update"",""created_at"":""2026-08-06 10:24:56"",""updated_at"":""2026-08-06 10:24:56""},{""pattern_img"":{""1200x600"":""https://images.moneycontrol.com/technical_picks_cms/178609661243.png""},""rationale"":""Stock of the Day with  ~10% gains."",""action_type"":""close"",""created_at"":""2026-08-07 15:26:53"",""updated_at"":""2026-08-07 15:26:53""}]}",Brijesh Bhatia,https://images.moneycontrol.com/technical_picks_cms/174590992182.png,1786096613,1785990743,mc_pro_plus,N,3,
1735,21,equity,Computer Age Management Services,nse,Symmetrical Triangle,Bullish Breakout,4 hours,CAM,Closed,Y,0,1970-01-01,2026-08-07 12:10:12,2026-08-04 10:56:45,"{""chart_type"":""mc_pro_plus"",""sc_name"":""Computer Age Management Services"",""sc_symbol"":""CAMS"",""sc_scripcode"":""543232"",""instrument_type_code"":""stock"",""entry_condition"":""equals"",""entry_price"":""825.60"",""pattern_type"":""buy"",""cmp"":""825.60"",""price_key"":""stk_CAM_N"",""target_price"":null,""target_return_prcnt"":""6.83"",""stoploss_price"":null,""stoploss_prcnt"":""4.19"",""ind_id"":""-1"",""expiry_date"":null,""timeline"":[{""pattern_img"":{""1200x600"":""https://images.moneycontrol.com/technical_picks_cms/178582120489.png""},""rationale"":""After a strong rally, price entered a consolidation phase and now has broken  above the resistance, confirming a bullish continuation."",""action_type"":""add"",""created_at"":""2026-08-04 10:56:45"",""updated_at"":""2026-08-04 10:56:45""},{""pattern_img"":{""1200x600"":""https://images.moneycontrol.com/technical_picks_cms/178582120489.png""},""rationale"":""Negated!"",""action_type"":""close"",""created_at"":""2026-08-07 12:10:12"",""updated_at"":""2026-08-07 12:10:12""}]}",Brijesh Bhatia,https://images.moneycontrol.com/technical_picks_cms/174590992182.png,1786084812,1785821205,mc_pro_plus,N,3,
1742,21,equity,Samvardhana Motherson International,nse,Horizontal Trendline,Bullish Breakout,2 hours,MSS01,Closed,Y,0,1970-01-01,2026-08-07 12:02:18,2026-08-05 14:25:27,"{""chart_type"":""mc_pro_plus"",""sc_name"":""Samvardhana Motherson International"",""sc_symbol"":""MOTHERSON"",""sc_scripcode"":""517334"",""instrument_type_code"":""stock"",""entry_condition"":""equals"",""entry_price"":""155.72"",""pattern_type"":""buy"",""cmp"":""155.72"",""price_key"":""stk_MSS01_N"",""target_price"":null,""target_return_prcnt"":""5.32"",""stoploss_price"":null,""stoploss_prcnt"":""3.67"",""ind_id"":""-1"",""expiry_date"":null,""timeline"":[{""pattern_img"":{""1200x600"":""https://images.moneycontrol.com/technical_picks_cms/178592012626.png""},""rationale"":""Price has decisively broken above the horizontal resistance, confirming renewed bullish momentum."",""action_type"":""add"",""created_at"":""2026-08-05 14:25:27"",""updated_at"":""2026-08-05 14:25:27""},{""pattern_img"":{""1200x600"":""https://images.moneycontrol.com/technical_picks_cms/178608433761.png""},""rationale"":""7.78% up."",""action_type"":""close"",""created_at"":""2026-08-07 12:02:18"",""updated_at"":""2026-08-07 12:02:18""}]}",Brijesh Bhatia,https://images.moneycontrol.com/technical_picks_cms/174590992182.png,1786084338,1785920127,mc_pro_plus,N,3,
1734,21,equity,Hindustan Zinc,nse,Horizontal Trendline,Bullish Reversal,2 hours,HZ,Closed,Y,0,1970-01-01,2026-08-07 09:31:14,2026-08-04 09:45:54,"{""chart_type"":""mc_pro_plus"",""sc_name"":""Hindustan Zinc"",""sc_symbol"":""HINDZINC"",""sc_scripcode"":""500188"",""instrument_type_code"":""stock"",""entry_condition"":""equals"",""entry_price"":""559.00"",""pattern_type"":""buy"",""cmp"":""591.15"",""price_key"":""stk_HZ_N"",""target_price"":null,""target_return_prcnt"":""8.23"",""stoploss_price"":null,""stoploss_prcnt"":""3.22"",""ind_id"":""-1"",""expiry_date"":null,""timeline"":[{""pattern_img"":{""1200x600"":""https://images.moneycontrol.com/technical_picks_cms/178581695385.png""},""rationale"":""After a fall, price spent time building a base before breaking above the resistance zone and now has broken above the resistance, signaling buyers have regained control."",""action_type"":""add"",""created_at"":""2026-08-04 09:45:54"",""updated_at"":""2026-08-04 09:45:54""},{""pattern_img"":{""1200x600"":""https://images.moneycontrol.com/technical_picks_cms/178607527215.png""},""rationale"":""6.24% up."",""action_type"":""close"",""created_at"":""2026-08-07 09:31:14"",""updated_at"":""2026-08-07 09:31:14""}]}",Brijesh Bhatia,https://images.moneycontrol.com/technical_picks_cms/174590992182.png,1786075274,1785816954,mc_pro_plus,N,3,
1733,21,equity,Welspun Corp,nse,Horizontal Trendline,Bullish Breakout,1 hour,WGS,Closed,Y,0,1970-01-01,2026-08-06 10:06:38,2026-08-03 14:07:50,"{""chart_type"":""mc_pro_plus"",""sc_name"":""Welspun Corp"",""sc_symbol"":""WELCORP"",""sc_scripcode"":""532144"",""instrument_type_code"":""stock"",""entry_condition"":""equals"",""entry_price"":""1714.50"",""pattern_type"":""buy"",""cmp"":""1826.20"",""price_key"":""stk_WGS_N"",""target_price"":null,""target_return_prcnt"":""6.33"",""stoploss_price"":null,""stoploss_prcnt"":""4.00"",""ind_id"":""-1"",""expiry_date"":null,""timeline"":[{""pattern_img"":{""1200x600"":""https://images.moneycontrol.com/technical_picks_cms/178574626982.png""},""rationale"":""A horizontal resistance breakout indicates that after a struggle at a similar zone, price has now broken above that zone suggesting bulls are gaining strength."",""action_type"":""add"",""created_at"":""2026-08-03 14:07:50"",""updated_at"":""2026-08-03 14:07:50""},{""pattern_img"":{""1200x600"":""https://images.moneycontrol.com/technical_picks_cms/178599099752.png""},""rationale"":""6.47% up."",""action_type"":""close"",""created_at"":""2026-08-06 10:06:38"",""updated_at"":""2026-08-06 10:06:38""}]}",Brijesh Bhatia,https://images.moneycontrol.com/technical_picks_cms/174590992182.png,1785990998,1785746270,mc_pro_plus,N,3,
1731,21,equity,Grasim Industries,nse,Symmetrical Triangle,Bullish Reversal,1 hour,GI01,Closed,Y,0,1970-01-01,2026-08-06 09:50:23,2026-08-03 12:03:21,"{""chart_type"":""mc_pro_plus"",""sc_name"":""Grasim Industries"",""sc_symbol"":""GRASIM"",""sc_scripcode"":""500300"",""instrument_type_code"":""stock"",""entry_condition"":""equals"",""entry_price"":""3147.00"",""pattern_type"":""buy"",""cmp"":""3222.20"",""price_key"":""stk_GI01_N"",""target_price"":null,""target_return_prcnt"":""2.86"",""stoploss_price"":null,""stoploss_prcnt"":""1.78"",""ind_id"":""-1"",""expiry_date"":null,""timeline"":[{""pattern_img"":{""1200x600"":""https://images.moneycontrol.com/technical_picks_cms/178573880025.png""},""rationale"":""A symmetrical triangle breakout, shows that buyers are regaining control over the trend. Which indicates a bullish reversal."",""action_type"":""add"",""created_at"":""2026-08-03 12:03:21"",""updated_at"":""2026-08-03 12:03:21""},{""pattern_img"":{""1200x600"":""https://images.moneycontrol.com/technical_picks_cms/178599002234.png""},""rationale"":""2.30% up"",""action_type"":""close"",""created_at"":""2026-08-06 09:50:23"",""updated_at"":""2026-08-06 09:50:23""}]}",Brijesh Bhatia,https://images.moneycontrol.com/technical_picks_cms/174590992182.png,1785990023,1785738801,mc_pro_plus,N,3,
1728,21,index,NIFTY Fin Service,nse,Falling Trendline,Bullish Reversal,1 hour,in;cnxf,Closed,Y,0,1970-01-01,2026-08-05 14:07:16,2026-08-03 09:44:21,"{""chart_type"":""mc_pro_plus"",""sc_name"":""NIFTY Fin Service"",""sc_symbol"":""47"",""sc_scripcode"":""47"",""instrument_type_code"":""index"",""entry_condition"":""equals"",""entry_price"":""26845.05"",""pattern_type"":""buy"",""cmp"":""26720.50"",""price_key"":""indices_i_in;cnxf"",""target_price"":null,""target_return_prcnt"":""1.04"",""stoploss_price"":null,""stoploss_prcnt"":""0.47"",""ind_id"":""47"",""expiry_date"":null,""timeline"":[{""pattern_img"":{""1200x600"":""https://images.moneycontrol.com/technical_picks_cms/178573046085.png""},""rationale"":""The price has moved above the falling trendline, which was rejected earlier multiple times. But now a breakout indicates a bullish reversal."",""action_type"":""add"",""created_at"":""2026-08-03 09:44:21"",""updated_at"":""2026-08-03 09:44:21""},{""pattern_img"":{""1200x600"":""https://images.moneycontrol.com/technical_picks_cms/178573046085.png""},""rationale"":""Negated!"",""action_type"":""close"",""created_at"":""2026-08-05 14:07:16"",""updated_at"":""2026-08-05 14:07:16""}]}",Brijesh Bhatia,https://images.moneycontrol.com/technical_picks_cms/174590992182.png,1785919036,1785730461,mc_pro_plus,N,3,
1709,21,equity,Pidilite Industries,nse,Rectangle Pattern,Bullish Breakout,2 hours,PI11,Closed,Y,0,1970-01-01,2026-08-05 09:59:08,2026-07-28 09:55:38,"{""chart_type"":""mc_pro_plus"",""sc_name"":""Pidilite Industries"",""sc_symbol"":""PIDILITIND"",""sc_scripcode"":""500331"",""instrument_type_code"":""stock"",""entry_condition"":""equals"",""entry_price"":""1626.60"",""pattern_type"":""buy"",""cmp"":""1652.80"",""price_key"":""stk_PI11_N"",""target_price"":null,""target_return_prcnt"":""4.02"",""stoploss_price"":null,""stoploss_prcnt"":""1.57"",""ind_id"":""-1"",""expiry_date"":null,""timeline"":[{""pattern_img"":{""1200x600"":""https://images.moneycontrol.com/technical_picks_cms/178521273668.png""},""rationale"":""After a period of consolidation, price has broken above the rectangle resistance, confirming renewed buying strength and signaling the continuation of the bullish trend."",""action_type"":""add"",""created_at"":""2026-07-28 09:55:38"",""updated_at"":""2026-07-28 09:55:38""},{""pattern_img"":{""1200x600"":""https://images.moneycontrol.com/technical_picks_cms/178590414743.png""},""rationale"":""Not moving as expected."",""action_type"":""close"",""created_at"":""2026-08-05 09:59:08"",""updated_at"":""2026-08-05 09:59:08""}]}",Brijesh Bhatia,https://images.moneycontrol.com/technical_picks_cms/174590992182.png,1785904148,1785212738,mc_pro_plus,N,3,
1738,21,index,NIFTY BANK,nse,Rising Trendline,Gap Support + 50EMA,1 hour,in;nbx,Closed,Y,0,1970-01-01,2026-08-05 09:31:14,2026-08-04 13:55:55,"{""chart_type"":""mc_pro_plus"",""sc_name"":""NIFTY BANK"",""sc_symbol"":""23"",""sc_scripcode"":""23"",""instrument_type_code"":""index"",""entry_condition"":""equals"",""entry_price"":""57432.10"",""pattern_type"":""buy"",""cmp"":""57866.90"",""price_key"":""indices_i_in;nbx"",""target_price"":null,""target_return_prcnt"":""1.08"",""stoploss_price"":null,""stoploss_prcnt"":""0.40"",""ind_id"":""23"",""expiry_date"":null,""timeline"":[{""pattern_img"":{""1200x600"":""https://images.moneycontrol.com/technical_picks_cms/178583195436.png""},""rationale"":""Price is approaching a strong support of rising trendline, gap support, and the 50 EMA, where buyers may step in."",""action_type"":""add"",""created_at"":""2026-08-04 13:55:55"",""updated_at"":""2026-08-04 13:55:55""},{""pattern_img"":{""1200x600"":""https://images.moneycontrol.com/technical_picks_cms/178590247291.png""},""rationale"":""408 points up."",""action_type"":""close"",""created_at"":""2026-08-05 09:31:14"",""updated_at"":""2026-08-05 09:31:14""}]}",Brijesh Bhatia,https://images.moneycontrol.com/technical_picks_cms/174590992182.png,1785902474,1785831955,mc_pro_plus,N,3,
1703,21,equity,Godfrey Phillips India,nse,Falling Trendline,Bullish Reversal,4 hours,GPI,Closed,Y,0,1970-01-01,2026-08-05 09:22:21,2026-07-27 10:12:17,"{""chart_type"":""mc_pro_plus"",""sc_name"":""Godfrey Phillips India"",""sc_symbol"":""GODFRYPHLP"",""sc_scripcode"":""500163"",""instrument_type_code"":""stock"",""entry_condition"":""equals"",""entry_price"":""2216.30"",""pattern_type"":""buy"",""cmp"":""2335.90"",""price_key"":""stk_GPI_N"",""target_price"":null,""target_return_prcnt"":""5.18"",""stoploss_price"":null,""stoploss_prcnt"":""4.30"",""ind_id"":""-1"",""expiry_date"":null,""timeline"":[{""pattern_img"":{""1200x600"":""https://images.moneycontrol.com/technical_picks_cms/178512733671.png""},""rationale"":""A falling trendline bullish reversal occurs when price breaks above a downward trendline after lower highs, signaling weakening selling pressure and a shift toward an upward trend."",""action_type"":""add"",""created_at"":""2026-07-27 10:12:17"",""updated_at"":""2026-07-27 10:12:17""},{""pattern_img"":{""1200x600"":""https://images.moneycontrol.com/technical_picks_cms/178512733671.png""},""rationale"":""Negated!"",""action_type"":""close"",""created_at"":""2026-08-05 09:22:21"",""updated_at"":""2026-08-05 09:22:21""}]}",Brijesh Bhatia,https://images.moneycontrol.com/technical_picks_cms/174590992182.png,1785901941,1785127337,mc_pro_plus,N,3,
1718,21,equity,Jio Financial Services,nse,Symmetrical Triangle,Bullish Reversal,1 day,JFS,Closed,Y,0,1970-01-01,2026-08-04 14:15:12,2026-07-29 13:18:09,"{""chart_type"":""mc_pro_plus"",""sc_name"":""Jio Financial Services"",""sc_symbol"":""JIOFIN"",""sc_scripcode"":""543940"",""instrument_type_code"":""stock"",""entry_condition"":""equals"",""entry_price"":""251.36"",""pattern_type"":""buy"",""cmp"":""265.05"",""price_key"":""stk_JFS_N"",""target_price"":null,""target_return_prcnt"":""7.42"",""stoploss_price"":null,""stoploss_prcnt"":""5.71"",""ind_id"":""-1"",""expiry_date"":null,""timeline"":[{""pattern_img"":{""1200x600"":""https://images.moneycontrol.com/technical_picks_cms/178531128815.png""},""rationale"":""The breakout above triangle resistance confirms a bullish reversal and signals the potential start of a fresh uptrend."",""action_type"":""add"",""created_at"":""2026-07-29 13:18:09"",""updated_at"":""2026-07-29 13:18:09""},{""pattern_img"":{""1200x600"":""https://images.moneycontrol.com/technical_picks_cms/178583311132.png""},""rationale"":""5.67% up."",""action_type"":""close"",""created_at"":""2026-08-04 14:15:12"",""updated_at"":""2026-08-04 14:15:12""}]}",Brijesh Bhatia,https://images.moneycontrol.com/technical_picks_cms/174590992182.png,1785833112,1785311289,mc_pro_plus,N,3,
1715,21,equity,Lupin,nse,Inverted Head& Shoulder,Bullish Reversal,30 mins,LC03,Closed,Y,0,1970-01-01,2026-08-04 13:56:21,2026-07-29 11:07:50,"{""chart_type"":""mc_pro_plus"",""sc_name"":""Lupin"",""sc_symbol"":""LUPIN"",""sc_scripcode"":""500257"",""instrument_type_code"":""stock"",""entry_condition"":""equals"",""entry_price"":""2444.10"",""pattern_type"":""buy"",""cmp"":""2386.00"",""price_key"":""stk_LC03_N"",""target_price"":null,""target_return_prcnt"":""2.94"",""stoploss_price"":null,""stoploss_prcnt"":""2.34"",""ind_id"":""-1"",""expiry_date"":null,""timeline"":[{""pattern_img"":{""1200x600"":""https://images.moneycontrol.com/technical_picks_cms/178530346924.png""},""rationale"":""The breakout above the neckline validates the inverted Head & Shoulders pattern, confirming a bullish trend reversal."",""action_type"":""add"",""created_at"":""2026-07-29 11:07:50"",""updated_at"":""2026-07-29 11:07:50""},{""pattern_img"":{""1200x600"":""https://images.moneycontrol.com/technical_picks_cms/178530346924.png""},""rationale"":""Negated!"",""action_type"":""close"",""created_at"":""2026-08-04 13:56:21"",""updated_at"":""2026-08-04 13:56:21""}]}",Brijesh Bhatia,https://images.moneycontrol.com/technical_picks_cms/174590992182.png,1785831981,1785303470,mc_pro_plus,N,3,
1699,21,equity,Muthoot Finance,nse,Rising Trendline,Bearish Breakdown,2 hours,MF19,Closed,Y,0,1970-01-01,2026-08-04 11:31:10,2026-07-24 10:28:39,"{""chart_type"":""mc_pro_plus"",""sc_name"":""Muthoot Finance"",""sc_symbol"":""MUTHOOTFIN"",""sc_scripcode"":""533398"",""instrument_type_code"":""stock"",""entry_condition"":""equals"",""entry_price"":""2934.60"",""pattern_type"":""sell"",""cmp"":""2895.30"",""price_key"":""stk_MF19_N"",""target_price"":null,""target_return_prcnt"":""3.60"",""stoploss_price"":null,""stoploss_prcnt"":""2.23"",""ind_id"":""-1"",""expiry_date"":null,""timeline"":[{""pattern_img"":{""1200x600"":""https://images.moneycontrol.com/technical_picks_cms/178486911846.png""},""rationale"":""A rising trendline breakout shows that the support that was held by the buyers is now broken, suggesting that sellers are strong and we may see a downside move."",""action_type"":""add"",""created_at"":""2026-07-24 10:28:39"",""updated_at"":""2026-07-24 10:28:39""},{""pattern_img"":{""1200x600"":""https://images.moneycontrol.com/technical_picks_cms/178486911846.png""},""rationale"":""Pattern Failed."",""action_type"":""close"",""created_at"":""2026-08-04 11:31:10"",""updated_at"":""2026-08-04 11:31:10""}]}",Brijesh Bhatia,https://images.moneycontrol.com/technical_picks_cms/174590992182.png,1785823270,1784869119,mc_pro_plus,N,3,
1724,21,equity,Ashok Leyland,nse,Falling Trendline,Bullish Reversal,4 hours,AL,Closed,Y,0,1970-01-01,2026-08-04 09:53:22,2026-07-31 10:00:12,"{""chart_type"":""mc_pro_plus"",""sc_name"":""Ashok Leyland"",""sc_symbol"":""ASHOKLEY"",""sc_scripcode"":""500477"",""instrument_type_code"":""stock"",""entry_condition"":""equals"",""entry_price"":""163.90"",""pattern_type"":""buy"",""cmp"":""174.29"",""price_key"":""stk_AL_N"",""target_price"":null,""target_return_prcnt"":""8.60"",""stoploss_price"":null,""stoploss_prcnt"":""5.43"",""ind_id"":""-1"",""expiry_date"":null,""timeline"":[{""pattern_img"":{""1200x600"":""https://images.moneycontrol.com/technical_picks_cms/1785472211100.png""},""rationale"":""The breakout above the falling trendline signals the correction may be ending, with buyers regaining control."",""action_type"":""add"",""created_at"":""2026-07-31 10:00:12"",""updated_at"":""2026-07-31 10:00:12""},{""pattern_img"":{""1200x600"":""https://images.moneycontrol.com/technical_picks_cms/178581740132.png""},""rationale"":""6.91% up."",""action_type"":""close"",""created_at"":""2026-08-04 09:53:22"",""updated_at"":""2026-08-04 09:53:22""}]}",Brijesh Bhatia,https://images.moneycontrol.com/technical_picks_cms/174590992182.png,1785817402,1785472212,mc_pro_plus,N,3,
1719,21,equity,Blue Star,nse,Double Bottom,Bullish Reversal,30 mins,BS,Closed,Y,0,1970-01-01,2026-08-04 09:22:33,2026-07-29 14:05:27,"{""chart_type"":""mc_pro_plus"",""sc_name"":""Blue Star"",""sc_symbol"":""BLUESTARCO"",""sc_scripcode"":""500067"",""instrument_type_code"":""stock"",""entry_condition"":""equals"",""entry_price"":""1672.70"",""pattern_type"":""buy"",""cmp"":""1729.00"",""price_key"":""stk_BS_N"",""target_price"":null,""target_return_prcnt"":""3.25"",""stoploss_price"":null,""stoploss_prcnt"":""1.90"",""ind_id"":""-1"",""expiry_date"":null,""timeline"":[{""pattern_img"":{""1200x600"":""https://images.moneycontrol.com/technical_picks_cms/178531412667.png""},""rationale"":""The breakout above the neckline confirms the double bottom pattern and signals a trend reversal."",""action_type"":""add"",""created_at"":""2026-07-29 14:05:27"",""updated_at"":""2026-07-29 14:05:27""},{""pattern_img"":{""1200x600"":""https://images.moneycontrol.com/technical_picks_cms/178581555251.png""},""rationale"":""3.40% up."",""action_type"":""close"",""created_at"":""2026-08-04 09:22:33"",""updated_at"":""2026-08-04 09:22:33""}]}",Brijesh Bhatia,https://images.moneycontrol.com/technical_picks_cms/174590992182.png,1785815553,1785314127,mc_pro_plus,N,3,
1682,21,equity,NHPC,nse,Horizontal Trendline,Bullish Breakout,2 hours,N07,Closed,Y,0,1970-01-01,2026-08-03 13:57:25,2026-07-21 09:55:27,"{""chart_type"":""mc_pro_plus"",""sc_name"":""NHPC"",""sc_symbol"":""NHPC"",""sc_scripcode"":""533098"",""instrument_type_code"":""stock"",""entry_condition"":""equals"",""entry_price"":""82.58"",""pattern_type"":""buy"",""cmp"":""79.39"",""price_key"":""stk_N07_N"",""target_price"":null,""target_return_prcnt"":""5.17"",""stoploss_price"":null,""stoploss_prcnt"":""2.45"",""ind_id"":""-1"",""expiry_date"":null,""timeline"":[{""pattern_img"":{""1200x600"":""https://images.moneycontrol.com/technical_picks_cms/178460792649.png""},""rationale"":""A horizontal trendline marked a key resistance zone where price repeatedly stalled. The breakout above this level confirms renewed buying strength and opens the door for further upside."",""action_type"":""add"",""created_at"":""2026-07-21 09:55:27"",""updated_at"":""2026-07-21 09:55:27""},{""pattern_img"":{""1200x600"":""https://images.moneycontrol.com/technical_picks_cms/178460792649.png""},""rationale"":""Negated1"",""action_type"":""close"",""created_at"":""2026-08-03 13:57:25"",""updated_at"":""2026-08-03 13:57:25""}]}",Brijesh Bhatia,https://images.moneycontrol.com/technical_picks_cms/174590992182.png,1785745645,1784607927,mc_pro_plus,N,3,
1679,21,equity,Suzlon Energy,nse,Horizontal Trendline,Bullish Reversal,4 hours,SE17,Closed,Y,0,1970-01-01,2026-08-03 13:56:57,2026-07-20 10:55:26,"{""chart_type"":""mc_pro_plus"",""sc_name"":""Suzlon Energy"",""sc_symbol"":""SUZLON"",""sc_scripcode"":""532667"",""instrument_type_code"":""stock"",""entry_condition"":""equals"",""entry_price"":""53.12"",""pattern_type"":""buy"",""cmp"":""48.99"",""price_key"":""stk_SE17_N"",""target_price"":null,""target_return_prcnt"":""11.07"",""stoploss_price"":null,""stoploss_prcnt"":""3.99"",""ind_id"":""-1"",""expiry_date"":null,""timeline"":[{""pattern_img"":{""1200x600"":""https://images.moneycontrol.com/technical_picks_cms/178452512421.png""},""rationale"":""A horizontal support zone repeatedly attracted buyers. The rebound from this level confirms a bullish reversal, indicating renewed buying interest and improving price strength."",""action_type"":""add"",""created_at"":""2026-07-20 10:55:26"",""updated_at"":""2026-07-20 10:55:26""},{""pattern_img"":{""1200x600"":""https://images.moneycontrol.com/technical_picks_cms/178452512421.png""},""rationale"":""Negated!"",""action_type"":""close"",""created_at"":""2026-08-03 13:56:57"",""updated_at"":""2026-08-03 13:56:57""}]}",Brijesh Bhatia,https://images.moneycontrol.com/technical_picks_cms/174590992182.png,1785745617,1784525126,mc_pro_plus,N,3,
1692,21,equity,APL Apollo Tubes,nse,Symmetrical Triangle,Bullish Reversal,4 hours,BT09,Closed,Y,0,1970-01-01,2026-08-03 12:34:30,2026-07-23 09:55:32,"{""chart_type"":""mc_pro_plus"",""sc_name"":""APL Apollo Tubes"",""sc_symbol"":""APLAPOLLO"",""sc_scripcode"":""533758"",""instrument_type_code"":""stock"",""entry_condition"":""equals"",""entry_price"":""1836.70"",""pattern_type"":""buy"",""cmp"":""1934.00"",""price_key"":""stk_BT09_N"",""target_price"":null,""target_return_prcnt"":""5.73"",""stoploss_price"":null,""stoploss_prcnt"":""2.60"",""ind_id"":""-1"",""expiry_date"":null,""timeline"":[{""pattern_img"":{""1200x600"":""https://images.moneycontrol.com/technical_picks_cms/178478073174.png""},""rationale"":""The breakout from a symmetrical triangle marks a transition from consolidation to expansion, confirming a bullish reversal."",""action_type"":""add"",""created_at"":""2026-07-23 09:55:32"",""updated_at"":""2026-07-23 09:55:32""},{""pattern_img"":{""1200x600"":""https://images.moneycontrol.com/technical_picks_cms/178574066970.png""},""rationale"":""6.41% up."",""action_type"":""close"",""created_at"":""2026-08-03 12:34:30"",""updated_at"":""2026-08-03 12:34:30""}]}",Brijesh Bhatia,https://images.moneycontrol.com/technical_picks_cms/174590992182.png,1785740670,1784780732,mc_pro_plus,N,3,
1723,21,equity,Bajaj Finance,nse,Horizontal Trendline,All Time High Breakout,1 day,BAF,Closed,Y,0,1970-01-01,2026-08-03 12:28:16,2026-07-31 09:34:32,"{""chart_type"":""mc_pro_plus"",""sc_name"":""Bajaj Finance"",""sc_symbol"":""BAJFINANCE"",""sc_scripcode"":""500034"",""instrument_type_code"":""stock"",""entry_condition"":""equals"",""entry_price"":""1111.30"",""pattern_type"":""buy"",""cmp"":""1156.70"",""price_key"":""stk_BAF_N"",""target_price"":null,""target_return_prcnt"":""8.97"",""stoploss_price"":null,""stoploss_prcnt"":""3.99"",""ind_id"":""-1"",""expiry_date"":null,""timeline"":[{""pattern_img"":{""1200x600"":""https://images.moneycontrol.com/technical_picks_cms/178547067170.png""},""rationale"":""Price has broken above its all-time high resistance, confirming exceptional strength and signaling a fresh bullish breakout."",""action_type"":""add"",""created_at"":""2026-07-31 09:34:32"",""updated_at"":""2026-07-31 09:34:32""},{""pattern_img"":{""1200x600"":""https://images.moneycontrol.com/technical_picks_cms/178574029593.png""},""rationale"":""4.16% up."",""action_type"":""close"",""created_at"":""2026-08-03 12:28:16"",""updated_at"":""2026-08-03 12:28:16""}]}",Brijesh Bhatia,https://images.moneycontrol.com/technical_picks_cms/174590992182.png,1785740296,1785470672,mc_pro_plus,N,3,
1704,21,index,NIFTY Media,nse,Horizontal Trendline,Resistance Breakout,2 hours,in;cnmx,Closed,Y,0,1970-01-01,2026-08-03 10:13:31,2026-07-27 10:20:31,"{""chart_type"":""mc_pro_plus"",""sc_name"":""NIFTY Media"",""sc_symbol"":""50"",""sc_scripcode"":""50"",""instrument_type_code"":""index"",""entry_condition"":""equals"",""entry_price"":""1554.70"",""pattern_type"":""buy"",""cmp"":""1591.35"",""price_key"":""indices_i_in;cnmx"",""target_price"":null,""target_return_prcnt"":""5.55"",""stoploss_price"":null,""stoploss_prcnt"":""1.78"",""ind_id"":""50"",""expiry_date"":null,""timeline"":[{""pattern_img"":{""1200x600"":""https://images.moneycontrol.com/technical_picks_cms/178512783082.png""},""rationale"":""A horizontal resistance breakout occurs when price closes above a key resistance level, signalling strong buying momentum and the continuation of an upward trend after consolidation."",""action_type"":""add"",""created_at"":""2026-07-27 10:20:31"",""updated_at"":""2026-07-27 10:20:31""},{""pattern_img"":{""1200x600"":""https://images.moneycontrol.com/technical_picks_cms/178573221022.png""},""rationale"":""2.34% up"",""action_type"":""close"",""created_at"":""2026-08-03 10:13:31"",""updated_at"":""2026-08-03 10:13:31""}]}",Brijesh Bhatia,https://images.moneycontrol.com/technical_picks_cms/174590992182.png,1785732211,1785127831,mc_pro_plus,N,3,
1688,21,equity,Nestle India,nse,Descending Triangle,Bullish Breakout,4 hours,NI,Closed,Y,0,1970-01-01,2026-08-03 10:06:05,2026-07-22 10:52:51,"{""chart_type"":""mc_pro_plus"",""sc_name"":""Nestle India"",""sc_symbol"":""NESTLEIND"",""sc_scripcode"":""500790"",""instrument_type_code"":""stock"",""entry_condition"":""equals"",""entry_price"":""1477.40"",""pattern_type"":""buy"",""cmp"":""1514.60"",""price_key"":""stk_NI_N"",""target_price"":null,""target_return_prcnt"":""6.40"",""stoploss_price"":null,""stoploss_prcnt"":""4.83"",""ind_id"":""-1"",""expiry_date"":null,""timeline"":[{""pattern_img"":{""1200x600"":""https://images.moneycontrol.com/technical_picks_cms/178469777016.png""},""rationale"":""A descending triangle formed during the consolidation phase. The breakout above resistance signals buyers have regained the upper hand, paving the way for further upside."",""action_type"":""add"",""created_at"":""2026-07-22 10:52:51"",""updated_at"":""2026-07-22 10:52:51""},{""pattern_img"":{""1200x600"":""https://images.moneycontrol.com/technical_picks_cms/178573176459.png""},""rationale"":""2.69% up."",""action_type"":""close"",""created_at"":""2026-08-03 10:06:05"",""updated_at"":""2026-08-03 10:06:05""}]}",Brijesh Bhatia,https://images.moneycontrol.com/technical_picks_cms/174590992182.png,1785731765,1784697771,mc_pro_plus,N,3,
1698,21,equity,Sona BLW Precision Forgings,nse,Falling Trendline,Bullish Reversal,1 week,SBP04,Closed,Y,0,1970-01-01,2026-08-03 09:59:17,2026-07-24 10:02:36,"{""chart_type"":""mc_pro_plus"",""sc_name"":""Sona BLW Precision Forgings"",""sc_symbol"":""SONACOMS"",""sc_scripcode"":""543300"",""instrument_type_code"":""stock"",""entry_condition"":""equals"",""entry_price"":""719.35"",""pattern_type"":""buy"",""cmp"":""783.00"",""price_key"":""stk_SBP04_N"",""target_price"":null,""target_return_prcnt"":""13.44"",""stoploss_price"":null,""stoploss_prcnt"":""8.53"",""ind_id"":""-1"",""expiry_date"":null,""timeline"":[{""pattern_img"":{""1200x600"":""https://images.moneycontrol.com/technical_picks_cms/178486755436.png""},""rationale"":""A falling trendline breakout on the weekly chart suggests a long-term resistance breakout."",""action_type"":""add"",""created_at"":""2026-07-24 10:02:36"",""updated_at"":""2026-07-24 10:02:36""},{""pattern_img"":{""1200x600"":""https://images.moneycontrol.com/technical_picks_cms/178539346521.png""},""rationale"":""Bullish Continuation."",""action_type"":""update"",""created_at"":""2026-07-30 12:07:46"",""updated_at"":""2026-07-30 12:07:46""},{""pattern_img"":{""1200x600"":""https://images.moneycontrol.com/technical_picks_cms/178573135651.png""},""rationale"":""5.34% up."",""action_type"":""close"",""created_at"":""2026-08-03 09:59:17"",""updated_at"":""2026-08-03 09:59:17""}]}",Brijesh Bhatia,https://images.moneycontrol.com/technical_picks_cms/174590992182.png,1785731357,1784867556,mc_pro_plus,N,3,
1678,21,equity,MphasiS,nse,Ascending Triangle,Bullish Reversal,4 hours,BFL,Closed,Y,0,1970-01-01,2026-08-03 09:52:02,2026-07-20 10:23:20,"{""chart_type"":""mc_pro_plus"",""sc_name"":""MphasiS"",""sc_symbol"":""MPHASIS"",""sc_scripcode"":""526299"",""instrument_type_code"":""stock"",""entry_condition"":""equals"",""entry_price"":""2440.80"",""pattern_type"":""buy"",""cmp"":""2354.70"",""price_key"":""stk_BFL_N"",""target_price"":null,""target_return_prcnt"":""17.63"",""stoploss_price"":null,""stoploss_prcnt"":""4.79"",""ind_id"":""-1"",""expiry_date"":null,""timeline"":[{""pattern_img"":{""1200x600"":""https://images.moneycontrol.com/technical_picks_cms/178452319969.png""},""rationale"":""Price formed an ascending triangle after a correction. The breakout marks a bullish reversal and a shift in momentum."",""action_type"":""add"",""created_at"":""2026-07-20 10:23:20"",""updated_at"":""2026-07-20 10:23:20""},{""pattern_img"":{""1200x600"":""https://images.moneycontrol.com/technical_picks_cms/178452319969.png""},""rationale"":""Negated!"",""action_type"":""close"",""created_at"":""2026-08-03 09:52:02"",""updated_at"":""2026-08-03 09:52:02""}]}",Brijesh Bhatia,https://images.moneycontrol.com/technical_picks_cms/174590992182.png,1785730922,1784523200,mc_pro_plus,N,3,
1686,21,equity,Titan Company,nse,Horizontal Channel,Bullish Breakout,1 hour,TI01,Closed,Y,0,2026-07-31,2026-07-31 15:45:56,2026-07-22 09:54:30,"{""chart_type"":""mc_pro_plus"",""sc_name"":""Titan Company"",""sc_symbol"":""TITAN"",""sc_scripcode"":""500114"",""instrument_type_code"":""stock"",""entry_condition"":""equals"",""entry_price"":""4715.80"",""pattern_type"":""buy"",""cmp"":""4875.20"",""price_key"":""stk_TI01_N"",""target_price"":""4829"",""target_return_prcnt"":""2.40"",""stoploss_price"":""4661"",""stoploss_prcnt"":""1.16"",""ind_id"":""-1"",""expiry_date"":null,""timeline"":[{""pattern_img"":{""1200x600"":""https://images.moneycontrol.com/technical_picks_cms/178469426996.png""},""rationale"":""Price broke above the horizontal channel after a consolidation underneath. A breakout suggest buyers are strong."",""action_type"":""add"",""created_at"":""2026-07-22 09:54:30"",""updated_at"":""2026-07-22 09:54:30""},{""pattern_img"":{""1200x600"":""https://images.moneycontrol.com/technical_picks_cms/178469426996.png""},""rationale"":""Pattern Expired"",""action_type"":""close"",""created_at"":""2026-07-31 15:45:56"",""updated_at"":""2026-07-31 15:45:56""}],""auto_closed"":true,""exit_price"":""4875.20"",""exit_price_condition"":""equals"",""closed_on"":""2026-07-31 15:45:56""}",Brijesh Bhatia,https://images.moneycontrol.com/technical_picks_cms/174590992182.png,1785492956,1784694270,mc_pro_plus,N,3,1686.0
1712,21,index,NIFTY 50,nse,Falling Channel,On the Verge of Breakout,1 hour,in;NSX,Closed,Y,0,1970-01-01,2026-07-31 13:20:53,2026-07-29 09:58:32,"{""chart_type"":""mc_pro_plus"",""sc_name"":""NIFTY 50"",""sc_symbol"":""9"",""sc_scripcode"":""9"",""instrument_type_code"":""index"",""entry_condition"":""equals"",""entry_price"":""24204.15"",""pattern_type"":""buy"",""cmp"":""24421.25"",""price_key"":""indices_i_in;NSX"",""target_price"":null,""target_return_prcnt"":""1.26"",""stoploss_price"":null,""stoploss_prcnt"":""0.67"",""ind_id"":""9"",""expiry_date"":null,""timeline"":[{""pattern_img"":{""1200x600"":""https://images.moneycontrol.com/technical_picks_cms/178529931142.png""},""rationale"":""Price is approaching the upper boundary of the falling channel. A decisive breakout above resistance could confirm a bullish reversal and trigger fresh upside momentum."",""action_type"":""add"",""created_at"":""2026-07-29 09:58:32"",""updated_at"":""2026-07-29 09:58:32""},{""pattern_img"":{""1200x600"":""https://images.moneycontrol.com/technical_picks_cms/178548425287.png""},""rationale"":""200 points up."",""action_type"":""close"",""created_at"":""2026-07-31 13:20:53"",""updated_at"":""2026-07-31 13:20:53""}]}",Brijesh Bhatia,https://images.moneycontrol.com/technical_picks_cms/174590992182.png,1785484253,1785299312,mc_pro_plus,N,3,
1695,21,equity,Hyundai Motor India,nse,Rectangle Pattern,Bullish Reversal,30 mins,HMI01,Closed,Y,0,1970-01-01,2026-07-31 09:11:14,2026-07-23 11:30:41,"{""chart_type"":""mc_pro_plus"",""sc_name"":""Hyundai Motor India"",""sc_symbol"":""HYUNDAI"",""sc_scripcode"":""544274"",""instrument_type_code"":""stock"",""entry_condition"":""equals"",""entry_price"":""1981.50"",""pattern_type"":""buy"",""cmp"":""2040.30"",""price_key"":""stk_HMI01_N"",""target_price"":null,""target_return_prcnt"":""3.81"",""stoploss_price"":null,""stoploss_prcnt"":""2.09"",""ind_id"":""-1"",""expiry_date"":null,""timeline"":[{""pattern_img"":{""1200x600"":""https://images.moneycontrol.com/technical_picks_cms/178478644113.png""},""rationale"":""After a sharp decline, price formed a rectangle pattern. The breakout signals buyers are regaining control, confirming a bullish reversal."",""action_type"":""add"",""created_at"":""2026-07-23 11:30:41"",""updated_at"":""2026-07-23 11:30:41""},{""pattern_img"":{""1200x600"":""https://images.moneycontrol.com/technical_picks_cms/178478644113.png""},""rationale"":""Negated!"",""action_type"":""close"",""created_at"":""2026-07-31 09:11:14"",""updated_at"":""2026-07-31 09:11:14""}]}",Brijesh Bhatia,https://images.moneycontrol.com/technical_picks_cms/174590992182.png,1785469274,1784786441,mc_pro_plus,N,3,
1721,21,equity,ICICI Prudential Asset Management Company,nse,Rising Trendline,Bearish Breakdown,1 hour,IPA02,Closed,Y,0,1970-01-01,2026-07-31 09:04:40,2026-07-30 10:45:06,"{""chart_type"":""mc_pro_plus"",""sc_name"":""ICICI Prudential Asset Management Company"",""sc_symbol"":""ICICIAMC"",""sc_scripcode"":""544658"",""instrument_type_code"":""stock"",""entry_condition"":""equals"",""entry_price"":""3082.40"",""pattern_type"":""sell"",""cmp"":""3050.00"",""price_key"":""stk_IPA02_N"",""target_price"":null,""target_return_prcnt"":""1.05"",""stoploss_price"":null,""stoploss_prcnt"":""0.86"",""ind_id"":""-1"",""expiry_date"":null,""timeline"":[{""pattern_img"":{""1200x600"":""https://images.moneycontrol.com/technical_picks_cms/178538850596.png""},""rationale"":""The breakdown beneath the rising trendline signals sellers have regained control, increasing downside risk."",""action_type"":""add"",""created_at"":""2026-07-30 10:45:06"",""updated_at"":""2026-07-30 10:45:06""},{""pattern_img"":{""1200x600"":""https://images.moneycontrol.com/technical_picks_cms/178546887968.png""},""rationale"":""1.12% down"",""action_type"":""close"",""created_at"":""2026-07-31 09:04:40"",""updated_at"":""2026-07-31 09:04:40""}]}",Brijesh Bhatia,https://images.moneycontrol.com/technical_picks_cms/174590992182.png,1785468880,1785388506,mc_pro_plus,N,3,
1706,21,equity,Sun Pharmaceutical Industries,nse,Horizontal Channel,Breakout Retest,30 mins,SPI,Closed,Y,0,1970-01-01,2026-07-30 13:46:13,2026-07-27 14:48:55,"{""chart_type"":""mc_pro_plus"",""sc_name"":""Sun Pharmaceutical Industries"",""sc_symbol"":""SUNPHARMA"",""sc_scripcode"":""524715"",""instrument_type_code"":""stock"",""entry_condition"":""equals"",""entry_price"":""1974.10"",""pattern_type"":""buy"",""cmp"":""2016.00"",""price_key"":""stk_SPI_N"",""target_price"":null,""target_return_prcnt"":""2.12"",""stoploss_price"":null,""stoploss_prcnt"":""0.76"",""ind_id"":""-1"",""expiry_date"":null,""timeline"":[{""pattern_img"":{""1200x600"":""https://images.moneycontrol.com/technical_picks_cms/178514393318.png""},""rationale"":""A horizontal resistance breakout retest occurs when price breaks above a resistance level, pulls back to test it as new support, then resumes higher, confirming the breakout and bullish momentum."",""action_type"":""add"",""created_at"":""2026-07-27 14:48:55"",""updated_at"":""2026-07-27 14:48:55""},{""pattern_img"":{""1200x600"":""https://images.moneycontrol.com/technical_picks_cms/178539937223.png""},""rationale"":""2.11% up."",""action_type"":""close"",""created_at"":""2026-07-30 13:46:13"",""updated_at"":""2026-07-30 13:46:13""}]}",Brijesh Bhatia,https://images.moneycontrol.com/technical_picks_cms/174590992182.png,1785399373,1785143935,mc_pro_plus,N,3,
1680,21,equity,Power Finance Corporation,nse,Rectangle Pattern,On the verge of breakout,1 hour,PFC02,Closed,Y,0,1970-01-01,2026-07-29 12:05:18,2026-07-20 14:03:19,"{""chart_type"":""mc_pro_plus"",""sc_name"":""Power Finance Corporation"",""sc_symbol"":""PFC"",""sc_scripcode"":""532810"",""instrument_type_code"":""stock"",""entry_condition"":""equals"",""entry_price"":""412.75"",""pattern_type"":""buy"",""cmp"":""430.70"",""price_key"":""stk_PFC02_N"",""target_price"":null,""target_return_prcnt"":""4.66"",""stoploss_price"":null,""stoploss_prcnt"":""3.09"",""ind_id"":""-1"",""expiry_date"":null,""timeline"":[{""pattern_img"":{""1200x600"":""https://images.moneycontrol.com/technical_picks_cms/178453639849.png""},""rationale"":""A rectangle pattern reflects a phase of consolidation after the prior move. Price is nearing the resistance zone, with a breakout likely to trigger the next bullish leg."",""action_type"":""add"",""created_at"":""2026-07-20 14:03:19"",""updated_at"":""2026-07-20 14:03:19""},{""pattern_img"":{""1200x600"":""https://images.moneycontrol.com/technical_picks_cms/178530691757.png""},""rationale"":""4.12% up"",""action_type"":""close"",""created_at"":""2026-07-29 12:05:18"",""updated_at"":""2026-07-29 12:05:18""}]}",Brijesh Bhatia,https://images.moneycontrol.com/technical_picks_cms/174590992182.png,1785306918,1784536399,mc_pro_plus,N,3,
1689,21,equity,Multi Commodity Exchange of India,nse,Rising Trendline,Bearish Breakdown,1 hour,MCE,Closed,Y,0,1970-01-01,2026-07-29 11:54:24,2026-07-22 12:13:44,"{""chart_type"":""mc_pro_plus"",""sc_name"":""Multi Commodity Exchange of India"",""sc_symbol"":""MCX"",""sc_scripcode"":""534091"",""instrument_type_code"":""stock"",""entry_condition"":""equals"",""entry_price"":""2770.20"",""pattern_type"":""sell"",""cmp"":""2737.00"",""price_key"":""stk_MCE_N"",""target_price"":null,""target_return_prcnt"":""6.79"",""stoploss_price"":null,""stoploss_prcnt"":""3.21"",""ind_id"":""-1"",""expiry_date"":null,""timeline"":[{""pattern_img"":{""1200x600"":""https://images.moneycontrol.com/technical_picks_cms/178470262384.png""},""rationale"":""A rising trendline had been supporting the uptrend. The breakdown below this level signals weakening buying interest and increases the risk of further downside."",""action_type"":""add"",""created_at"":""2026-07-22 12:13:44"",""updated_at"":""2026-07-22 12:13:44""},{""pattern_img"":{""1200x600"":""https://images.moneycontrol.com/technical_picks_cms/178530626311.png""},""rationale"":""Price remains range-bound despite the breakdown."",""action_type"":""close"",""created_at"":""2026-07-29 11:54:24"",""updated_at"":""2026-07-29 11:54:24""}]}",Brijesh Bhatia,https://images.moneycontrol.com/technical_picks_cms/174590992182.png,1785306264,1784702624,mc_pro_plus,N,3,
1710,21,equity,AFFLE 3I,nse,Descending Triangle,Bullish Reversal,4 hours,AI72,Closed,Y,0,1970-01-01,2026-07-29 11:03:40,2026-07-28 10:09:58,"{""chart_type"":""mc_pro_plus"",""sc_name"":""AFFLE 3I"",""sc_symbol"":""AFFLE"",""sc_scripcode"":""542752"",""instrument_type_code"":""stock"",""entry_condition"":""equals"",""entry_price"":""1583.40"",""pattern_type"":""buy"",""cmp"":""1654.20"",""price_key"":""stk_AI72_N"",""target_price"":null,""target_return_prcnt"":""5.15"",""stoploss_price"":null,""stoploss_prcnt"":""3.18"",""ind_id"":""-1"",""expiry_date"":null,""timeline"":[{""pattern_img"":{""1200x600"":""https://images.moneycontrol.com/technical_picks_cms/178521359756.png""},""rationale"":""A descending triangle formed during the correction. The breakout above resistance confirms a bullish reversal, signaling buyers have regained control and momentum is improving."",""action_type"":""add"",""created_at"":""2026-07-28 10:09:58"",""updated_at"":""2026-07-28 10:09:58""},{""pattern_img"":{""1200x600"":""https://images.moneycontrol.com/technical_picks_cms/178530321985.png""},""rationale"":""5.21% up"",""action_type"":""close"",""created_at"":""2026-07-29 11:03:40"",""updated_at"":""2026-07-29 11:03:40""}]}",Brijesh Bhatia,https://images.moneycontrol.com/technical_picks_cms/174590992182.png,1785303220,1785213598,mc_pro_plus,N,3,
1708,21,index,NIFTY IT,nse,Falling Trendline,Bullish Reversal,4 hours,in;cnit,Closed,Y,0,1970-01-01,2026-07-29 09:47:52,2026-07-28 09:48:28,"{""chart_type"":""mc_pro_plus"",""sc_name"":""NIFTY IT"",""sc_symbol"":""19"",""sc_scripcode"":""19"",""instrument_type_code"":""index"",""entry_condition"":""equals"",""entry_price"":""30397.30"",""pattern_type"":""buy"",""cmp"":""31261.65"",""price_key"":""indices_i_in;cnit"",""target_price"":null,""target_return_prcnt"":""6.03"",""stoploss_price"":null,""stoploss_prcnt"":""2.84"",""ind_id"":""19"",""expiry_date"":null,""timeline"":[{""pattern_img"":{""1200x600"":""https://images.moneycontrol.com/technical_picks_cms/178521230734.png""},""rationale"":""Price has broken above the falling trendline while holding firmly above the 200 EMA, signaling the correction may be over and the broader uptrend is reasserting itself."",""action_type"":""add"",""created_at"":""2026-07-28 09:48:28"",""updated_at"":""2026-07-28 09:48:28""},{""pattern_img"":{""1200x600"":""https://images.moneycontrol.com/technical_picks_cms/178529867073.png""},""rationale"":""864 points."",""action_type"":""close"",""created_at"":""2026-07-29 09:47:52"",""updated_at"":""2026-07-29 09:47:52""}]}",Brijesh Bhatia,https://images.moneycontrol.com/technical_picks_cms/174590992182.png,1785298672,1785212308,mc_pro_plus,N,3,
1707,21,equity,Indian Energy Exchange,nse,Symmetrical Triangle,Breakout Retest,4 hours,IEE,Closed,Y,0,1970-01-01,2026-07-28 15:23:57,2026-07-27 15:16:06,"{""chart_type"":""mc_pro_plus"",""sc_name"":""Indian Energy Exchange"",""sc_symbol"":""IEX"",""sc_scripcode"":""540750"",""instrument_type_code"":""stock"",""entry_condition"":""equals"",""entry_price"":""126.79"",""pattern_type"":""buy"",""cmp"":""132.22"",""price_key"":""stk_IEE_N"",""target_price"":null,""target_return_prcnt"":""5.69"",""stoploss_price"":null,""stoploss_prcnt"":""2.99"",""ind_id"":""-1"",""expiry_date"":null,""timeline"":[{""pattern_img"":{""1200x600"":""https://images.moneycontrol.com/technical_picks_cms/178514556484.png""},""rationale"":""A symmetrical triangle breakout retest occurs when price breaks above the triangle, returns to test the breakout level as support, and then continues upward, confirming bullish strength."",""action_type"":""add"",""created_at"":""2026-07-27 15:16:06"",""updated_at"":""2026-07-27 15:16:06""},{""pattern_img"":{""1200x600"":""https://images.moneycontrol.com/technical_picks_cms/178523243635.png""},""rationale"":""4.95% up"",""action_type"":""close"",""created_at"":""2026-07-28 15:23:57"",""updated_at"":""2026-07-28 15:23:57""}]}",Brijesh Bhatia,https://images.moneycontrol.com/technical_picks_cms/174590992182.png,1785232437,1785145566,mc_pro_plus,N,3,
1705,21,equity,Lodha Developers,nse,Falling Channel,Bullish Breakout,1 hour,MD04,Closed,Y,0,1970-01-01,2026-07-28 09:31:48,2026-07-27 10:38:16,"{""chart_type"":""mc_pro_plus"",""sc_name"":""Lodha Developers"",""sc_symbol"":""LODHA"",""sc_scripcode"":""543287"",""instrument_type_code"":""stock"",""entry_condition"":""equals"",""entry_price"":""1200.40"",""pattern_type"":""buy"",""cmp"":""1265.00"",""price_key"":""stk_MD04_N"",""target_price"":null,""target_return_prcnt"":""5.38"",""stoploss_price"":null,""stoploss_prcnt"":""2.95"",""ind_id"":""-1"",""expiry_date"":null,""timeline"":[{""pattern_img"":{""1200x600"":""https://images.moneycontrol.com/technical_picks_cms/178512889523.png""},""rationale"":""A falling channel bullish breakout occurs when price breaks above a downward-sloping channel, showing bullish trend continuation."",""action_type"":""add"",""created_at"":""2026-07-27 10:38:16"",""updated_at"":""2026-07-27 10:42:28""},{""pattern_img"":{""1200x600"":""https://images.moneycontrol.com/technical_picks_cms/178521130745.png""},""rationale"":""5.73% up"",""action_type"":""close"",""created_at"":""2026-07-28 09:31:48"",""updated_at"":""2026-07-28 09:31:48""}]}",Brijesh Bhatia,https://images.moneycontrol.com/technical_picks_cms/174590992182.png,1785211308,1785128896,mc_pro_plus,N,3,
1700,21,equity,COFORGE,nse,Rising Trendline,Reversal From Support,4 hours,NII02,Closed,Y,0,1970-01-01,2026-07-28 09:28:31,2026-07-24 10:42:33,"{""chart_type"":""mc_pro_plus"",""sc_name"":""COFORGE"",""sc_symbol"":""COFORGE"",""sc_scripcode"":""532541"",""instrument_type_code"":""stock"",""entry_condition"":""equals"",""entry_price"":""1464.60"",""pattern_type"":""buy"",""cmp"":""1630.00"",""price_key"":""stk_NII02_N"",""target_price"":null,""target_return_prcnt"":""7.20"",""stoploss_price"":null,""stoploss_prcnt"":""2.50"",""ind_id"":""-1"",""expiry_date"":null,""timeline"":[{""pattern_img"":{""1200x600"":""https://images.moneycontrol.com/technical_picks_cms/178486995274.png""},""rationale"":""A reversal from the rising trendline support and RSI reversing from 30 levels both suggest buying at support levels."",""action_type"":""add"",""created_at"":""2026-07-24 10:42:33"",""updated_at"":""2026-07-24 10:42:33""},{""pattern_img"":{""1200x600"":""https://images.moneycontrol.com/technical_picks_cms/178521110989.png""},""rationale"":""11.31% up"",""action_type"":""close"",""created_at"":""2026-07-28 09:28:31"",""updated_at"":""2026-07-28 09:28:31""}]}",Brijesh Bhatia,https://images.moneycontrol.com/technical_picks_cms/174590992182.png,1785211111,1784869953,mc_pro_plus,N,3,
1691,21,equity,Marico,nse,Falling Trendline,Bullish Reversal,30 mins,MI25,Closed,Y,0,1970-01-01,2026-07-27 13:48:48,2026-07-22 13:31:02,"{""chart_type"":""mc_pro_plus"",""sc_name"":""Marico"",""sc_symbol"":""MARICO"",""sc_scripcode"":""531642"",""instrument_type_code"":""stock"",""entry_condition"":""equals"",""entry_price"":""859.15"",""pattern_type"":""buy"",""cmp"":""857.10"",""price_key"":""stk_MI25_N"",""target_price"":null,""target_return_prcnt"":""2.19"",""stoploss_price"":null,""stoploss_prcnt"":""1.76"",""ind_id"":""-1"",""expiry_date"":null,""timeline"":[{""pattern_img"":{""1200x600"":""https://images.moneycontrol.com/technical_picks_cms/178470726123.png""},""rationale"":""The breakout above the falling trendline, followed by a move past the previous swing high, confirms strengthening momentum and signals a bullish trend reversal."",""action_type"":""add"",""created_at"":""2026-07-22 13:31:02"",""updated_at"":""2026-07-22 13:31:02""},{""pattern_img"":{""1200x600"":""https://images.moneycontrol.com/technical_picks_cms/178470726123.png""},""rationale"":""Negated!"",""action_type"":""close"",""created_at"":""2026-07-27 13:48:48"",""updated_at"":""2026-07-27 13:48:48""}]}",Brijesh Bhatia,https://images.moneycontrol.com/technical_picks_cms/174590992182.png,1785140328,1784707262,mc_pro_plus,N,3,
1677,21,equity,Axis Bank,nse,Bullish Gartley,Reversal Pattern,1 hour,UTI10,Closed,Y,0,1970-01-01,2026-07-27 13:44:53,2026-07-20 10:07:14,"{""chart_type"":""mc_pro_plus"",""sc_name"":""Axis Bank"",""sc_symbol"":""AXISBANK"",""sc_scripcode"":""532215"",""instrument_type_code"":""stock"",""entry_condition"":""equals"",""entry_price"":""1263.30"",""pattern_type"":""buy"",""cmp"":""1222.40"",""price_key"":""stk_UTI10_N"",""target_price"":null,""target_return_prcnt"":""6.63"",""stoploss_price"":null,""stoploss_prcnt"":""1.29"",""ind_id"":""-1"",""expiry_date"":null,""timeline"":[{""pattern_img"":{""1200x600"":""https://images.moneycontrol.com/technical_picks_cms/178452223277.png""},""rationale"":""A Bullish Gartley is a five-point harmonic chart pattern utilizing precise Fibonacci ratios to identify high-probability reversal zone (PRZ)."",""action_type"":""add"",""created_at"":""2026-07-20 10:07:14"",""updated_at"":""2026-07-20 10:07:14""},{""pattern_img"":{""1200x600"":""https://images.moneycontrol.com/technical_picks_cms/178452223277.png""},""rationale"":""Negated!"",""action_type"":""close"",""created_at"":""2026-07-27 13:44:53"",""updated_at"":""2026-07-27 13:44:53""}]}",Brijesh Bhatia,https://images.moneycontrol.com/technical_picks_cms/174590992182.png,1785140093,1784522234,mc_pro_plus,N,3,
1693,21,equity,United Spirits,nse,Falling Trendline,Previous High Breakout,1 day,MC08,Closed,Y,0,1970-01-01,2026-07-27 09:48:40,2026-07-23 10:57:50,"{""chart_type"":""mc_pro_plus"",""sc_name"":""United Spirits"",""sc_symbol"":""UNITDSPR"",""sc_scripcode"":""532432"",""instrument_type_code"":""stock"",""entry_condition"":""equals"",""entry_price"":""1426.90"",""pattern_type"":""buy"",""cmp"":""1495.00"",""price_key"":""stk_MC08_N"",""target_price"":null,""target_return_prcnt"":""4.84"",""stoploss_price"":null,""stoploss_prcnt"":""3.57"",""ind_id"":""-1"",""expiry_date"":null,""timeline"":[{""pattern_img"":{""1200x600"":""https://images.moneycontrol.com/technical_picks_cms/178478446949.png""},""rationale"":""Price has broken above the falling trendline. A decisive move above the previous swing high would confirm strengthening momentum and could trigger the next bullish leg."",""action_type"":""add"",""created_at"":""2026-07-23 10:57:50"",""updated_at"":""2026-07-23 10:57:50""},{""pattern_img"":{""1200x600"":""https://images.moneycontrol.com/technical_picks_cms/178512591860.png""},""rationale"":""4.87% up"",""action_type"":""close"",""created_at"":""2026-07-27 09:48:40"",""updated_at"":""2026-07-27 09:48:40""}]}",Brijesh Bhatia,https://images.moneycontrol.com/technical_picks_cms/174590992182.png,1785125920,1784784470,mc_pro_plus,N,3,
1681,21,equity,Bharti Airtel,nse,Symmetrical Triangle,Bullish Breakout,30 mins,BTV,Closed,Y,0,1970-01-01,2026-07-24 10:04:39,2026-07-20 15:21:30,"{""chart_type"":""mc_pro_plus"",""sc_name"":""Bharti Airtel"",""sc_symbol"":""BHARTIARTL"",""sc_scripcode"":""532454"",""instrument_type_code"":""stock"",""entry_condition"":""equals"",""entry_price"":""1941.00"",""pattern_type"":""buy"",""cmp"":""1885.00"",""price_key"":""stk_BTV_N"",""target_price"":null,""target_return_prcnt"":""4.84"",""stoploss_price"":null,""stoploss_prcnt"":""0.62"",""ind_id"":""-1"",""expiry_date"":null,""timeline"":[{""pattern_img"":{""1200x600"":""https://images.moneycontrol.com/technical_picks_cms/178454108813.png""},""rationale"":""A symmetrical triangle reflects price compression before a decisive move. The breakout above resistance confirms fresh buying interest and strengthens the bullish trend."",""action_type"":""add"",""created_at"":""2026-07-20 15:21:30"",""updated_at"":""2026-07-20 15:21:30""},{""pattern_img"":{""1200x600"":""https://images.moneycontrol.com/technical_picks_cms/178454108813.png""},""rationale"":""Negated!"",""action_type"":""close"",""created_at"":""2026-07-24 10:04:39"",""updated_at"":""2026-07-24 10:04:39""}]}",Brijesh Bhatia,https://images.moneycontrol.com/technical_picks_cms/174590992182.png,1784867679,1784541090,mc_pro_plus,N,3,
1697,21,index,NIFTY 50,nse,Horizontal Channel,Reversal From Support,2 hours,in;NSX,Closed,Y,0,1970-01-01,2026-07-24 09:38:19,2026-07-23 15:21:09,"{""chart_type"":""mc_pro_plus"",""sc_name"":""NIFTY 50"",""sc_symbol"":""9"",""sc_scripcode"":""9"",""instrument_type_code"":""index"",""entry_condition"":""equals"",""entry_price"":""23864.80"",""pattern_type"":""buy"",""cmp"":""23679.60"",""price_key"":""indices_i_in;NSX"",""target_price"":null,""target_return_prcnt"":""1.16"",""stoploss_price"":null,""stoploss_prcnt"":""0.45"",""ind_id"":""9"",""expiry_date"":null,""timeline"":[{""pattern_img"":{""1200x600"":""https://images.moneycontrol.com/technical_picks_cms/178480026814.png""},""rationale"":""Price has rebounded from a major horizontal support, confirming strong buying interest and signalling a bullish reversal from a key demand zone."",""action_type"":""add"",""created_at"":""2026-07-23 15:21:09"",""updated_at"":""2026-07-23 15:21:09""},{""pattern_img"":{""1200x600"":""https://images.moneycontrol.com/technical_picks_cms/178480026814.png""},""rationale"":""Negated!"",""action_type"":""close"",""created_at"":""2026-07-24 09:38:19"",""updated_at"":""2026-07-24 09:38:19""}]}",Brijesh Bhatia,https://images.moneycontrol.com/technical_picks_cms/174590992182.png,1784866099,1784800269,mc_pro_plus,N,3,
1685,21,equity,Hero Motocorp,nse,Falling Trendline,Bullish Reversal,2 hours,HHM,Closed,Y,0,1970-01-01,2026-07-23 11:54:46,2026-07-21 15:28:16,"{""chart_type"":""mc_pro_plus"",""sc_name"":""Hero Motocorp"",""sc_symbol"":""HEROMOTOCO"",""sc_scripcode"":""500182"",""instrument_type_code"":""stock"",""entry_condition"":""equals"",""entry_price"":""5035.30"",""pattern_type"":""buy"",""cmp"":""5175.00"",""price_key"":""stk_HHM_N"",""target_price"":null,""target_return_prcnt"":""4.80"",""stoploss_price"":null,""stoploss_prcnt"":""1.46"",""ind_id"":""-1"",""expiry_date"":null,""timeline"":[{""pattern_img"":{""1200x600"":""https://images.moneycontrol.com/technical_picks_cms/178462789546.png""},""rationale"":""Price has broken above the falling trendline while holding above the 200 EMA, indicating the long-term uptrend remains intact, and the correction may be ending."",""action_type"":""add"",""created_at"":""2026-07-21 15:28:16"",""updated_at"":""2026-07-21 15:28:16""},{""pattern_img"":{""1200x600"":""https://images.moneycontrol.com/technical_picks_cms/178478096056.png""},""rationale"":""Breakout Retest."",""action_type"":""update"",""created_at"":""2026-07-23 09:59:21"",""updated_at"":""2026-07-23 09:59:21""},{""pattern_img"":{""1200x600"":""https://images.moneycontrol.com/technical_picks_cms/178478788597.png""},""rationale"":""3.86% up"",""action_type"":""close"",""created_at"":""2026-07-23 11:54:46"",""updated_at"":""2026-07-23 11:54:46""}]}",Brijesh Bhatia,https://images.moneycontrol.com/technical_picks_cms/174590992182.png,1784787886,1784627896,mc_pro_plus,N,3,
1684,21,equity,City Union Bank,nse,Rectangle Pattern,Bullish Breakout,1 hour,CUB,Closed,Y,0,1970-01-01,2026-07-23 11:13:38,2026-07-21 12:12:20,"{""chart_type"":""mc_pro_plus"",""sc_name"":""City Union Bank"",""sc_symbol"":""CUB"",""sc_scripcode"":""532210"",""instrument_type_code"":""stock"",""entry_condition"":""equals"",""entry_price"":""233.52"",""pattern_type"":""buy"",""cmp"":""221.32"",""price_key"":""stk_CUB_N"",""target_price"":null,""target_return_prcnt"":""5.34"",""stoploss_price"":null,""stoploss_prcnt"":""3.22"",""ind_id"":""-1"",""expiry_date"":null,""timeline"":[{""pattern_img"":{""1200x600"":""https://images.moneycontrol.com/technical_picks_cms/178461613986.png""},""rationale"":""A rectangle pattern reflects a phase of consolidation. The breakout above resistance confirms renewed buying interest and signals the continuation of the bullish trend."",""action_type"":""add"",""created_at"":""2026-07-21 12:12:20"",""updated_at"":""2026-07-21 12:12:20""},{""pattern_img"":{""1200x600"":""https://images.moneycontrol.com/technical_picks_cms/178461613986.png""},""rationale"":""Pattern Failed"",""action_type"":""close"",""created_at"":""2026-07-23 11:13:38"",""updated_at"":""2026-07-23 11:13:38""}]}",Brijesh Bhatia,https://images.moneycontrol.com/technical_picks_cms/174590992182.png,1784785418,1784616140,mc_pro_plus,N,3,
1690,21,equity,IndusInd Bank,nse,Ascending Triangle,Bullish Breakout,30 mins,IIB,Closed,Y,0,1970-01-01,2026-07-23 09:16:37,2026-07-22 13:19:35,"{""chart_type"":""mc_pro_plus"",""sc_name"":""IndusInd Bank"",""sc_symbol"":""INDUSINDBK"",""sc_scripcode"":""532187"",""instrument_type_code"":""stock"",""entry_condition"":""equals"",""entry_price"":""1073.05"",""pattern_type"":""buy"",""cmp"":""1032.85"",""price_key"":""stk_IIB_N"",""target_price"":null,""target_return_prcnt"":""2.51"",""stoploss_price"":null,""stoploss_prcnt"":""1.22"",""ind_id"":""-1"",""expiry_date"":null,""timeline"":[{""pattern_img"":{""1200x600"":""https://images.moneycontrol.com/technical_picks_cms/178470657377.png""},""rationale"":""An ascending triangle breakout suggests that after a consolidation buyers are again gaining control."",""action_type"":""add"",""created_at"":""2026-07-22 13:19:35"",""updated_at"":""2026-07-22 13:19:35""},{""pattern_img"":{""1200x600"":""https://images.moneycontrol.com/technical_picks_cms/178470657377.png""},""rationale"":""Pattern Failed."",""action_type"":""close"",""created_at"":""2026-07-23 09:16:37"",""updated_at"":""2026-07-23 09:16:37""}]}",Brijesh Bhatia,https://images.moneycontrol.com/technical_picks_cms/174590992182.png,1784778397,1784706575,mc_pro_plus,N,3,
1683,21,equity,Info Edge India,nse,Symmetrical Triangle,Bullish Breakout,30 mins,IEI01,Closed,Y,0,1970-01-01,2026-07-22 13:33:42,2026-07-21 10:16:14,"{""chart_type"":""mc_pro_plus"",""sc_name"":""Info Edge India"",""sc_symbol"":""NAUKRI"",""sc_scripcode"":""532777"",""instrument_type_code"":""stock"",""entry_condition"":""equals"",""entry_price"":""1221.60"",""pattern_type"":""buy"",""cmp"":""1187.25"",""price_key"":""stk_IEI01_N"",""target_price"":null,""target_return_prcnt"":""3.47"",""stoploss_price"":null,""stoploss_prcnt"":""2.26"",""ind_id"":""-1"",""expiry_date"":null,""timeline"":[{""pattern_img"":{""1200x600"":""https://images.moneycontrol.com/technical_picks_cms/178460917313.png""},""rationale"":""A symmetrical triangle reflects a period of consolidation. The breakout above resistance confirms bullish momentum."",""action_type"":""add"",""created_at"":""2026-07-21 10:16:14"",""updated_at"":""2026-07-21 10:16:14""},{""pattern_img"":{""1200x600"":""https://images.moneycontrol.com/technical_picks_cms/178460917313.png""},""rationale"":""Pattern Failed"",""action_type"":""close"",""created_at"":""2026-07-22 13:33:42"",""updated_at"":""2026-07-22 13:33:42""}]}",Brijesh Bhatia,https://images.moneycontrol.com/technical_picks_cms/174590992182.png,1784707422,1784609174,mc_pro_plus,N,3,
1687,21,equity,Data Patterns (India),nse,Falling Channel,Bullish Reversal,2 hours,DPI01,Closed,Y,0,1970-01-01,2026-07-22 13:21:25,2026-07-22 10:05:24,"{""chart_type"":""mc_pro_plus"",""sc_name"":""Data Patterns (India)"",""sc_symbol"":""DATAPATTNS"",""sc_scripcode"":""543428"",""instrument_type_code"":""stock"",""entry_condition"":""equals"",""entry_price"":""4397.00"",""pattern_type"":""buy"",""cmp"":""4700.00"",""price_key"":""stk_DPI01_N"",""target_price"":null,""target_return_prcnt"":""10.67"",""stoploss_price"":null,""stoploss_prcnt"":""4.14"",""ind_id"":""-1"",""expiry_date"":null,""timeline"":[{""pattern_img"":{""1200x600"":""https://images.moneycontrol.com/technical_picks_cms/178469492276.png""},""rationale"":""A falling channel breakout shows that buyers have gained the control, and we may see an upward move."",""action_type"":""add"",""created_at"":""2026-07-22 10:05:24"",""updated_at"":""2026-07-22 10:05:24""},{""pattern_img"":{""1200x600"":""https://images.moneycontrol.com/technical_picks_cms/178470668356.png""},""rationale"":""7% up"",""action_type"":""close"",""created_at"":""2026-07-22 13:21:25"",""updated_at"":""2026-07-22 13:21:25""}]}",Brijesh Bhatia,https://images.moneycontrol.com/technical_picks_cms/174590992182.png,1784706685,1784694924,mc_pro_plus,N,3,
