userid,instrument_type,instrument,exchange,pattern_name,comment,time_frame,sc_id,is_closed,is_deleted,end_date,meta_data,p_status,pattern_id,analyst_name,analyst_image,updated_at,created_at,updated_at_epoch,created_at_epoch,sc_name,symbol,chartType,displayLock,scanproflg
21,,,nse,Rising Trendline,Reversal From Support,4 hours,,N,0,2026-09-25,"{""chart_type"":""mc_pro_plus"",""sc_name"":"""",""sc_symbol"":"""",""sc_scripcode"":"""",""instrument_type_code"":"""",""entry_condition"":""equals"",""entry_price"":""24325.00"",""pattern_type"":""buy"",""cmp"":""24325.00"",""price_key"":""stk_SC12_N"",""target_price"":""26930"",""target_return_prcnt"":""10.71"",""stoploss_price"":""23820"",""stoploss_prcnt"":""2.08"",""ind_id"":""-1"",""expiry_date"":null,""timeline"":[{""pattern_img"":{""1200x600"":""https://images.moneycontrol.com/technical_picks_cms/178764891124.png""},""rationale"":""Price has reversed from rising trendline support, while MACD turns bullish, signaling renewed buying momentum and potential trend reversal."",""action_type"":""add"",""created_at"":""2026-08-25 14:38:33"",""updated_at"":""2026-08-25 14:38:33""}]}",New,1798,,https://images.moneycontrol.com/technical_picks_cms/174590992182.png,2026-08-25 14:38:33,2026-08-25 14:38:33,1787648913,1787648913,,,mc_pro_plus,Y,3
21,,,nse,Symmetrical Triangle,Bullish Reversal,1 day,,N,0,2026-09-25,"{""chart_type"":""mc_pro_plus"",""sc_name"":"""",""sc_symbol"":"""",""sc_scripcode"":"""",""instrument_type_code"":"""",""entry_condition"":""equals"",""entry_price"":""203.18"",""pattern_type"":""buy"",""cmp"":""203.18"",""price_key"":""stk_AW01_N"",""target_price"":""228"",""target_return_prcnt"":""12.22"",""stoploss_price"":""193"",""stoploss_prcnt"":""5.01"",""ind_id"":""-1"",""expiry_date"":null,""timeline"":[{""pattern_img"":{""1200x600"":""https://images.moneycontrol.com/technical_picks_cms/178764695644.png""},""rationale"":""The Symmetrical Triangle has broken above resistance with rising volume, confirming strong buying interest and supporting a bullish breakout."",""action_type"":""add"",""created_at"":""2026-08-25 14:05:59"",""updated_at"":""2026-08-25 14:05:59""}]}",New,1797,,https://images.moneycontrol.com/technical_picks_cms/174590992182.png,2026-08-25 14:05:59,2026-08-25 14:05:59,1787646959,1787646959,,,mc_pro_plus,Y,3
21,,,nse,Symmetrical Triangle,Bullish Continuation,30 mins,,N,0,2026-09-25,"{""chart_type"":""mc_pro_plus"",""sc_name"":"""",""sc_symbol"":"""",""sc_scripcode"":"""",""instrument_type_code"":"""",""entry_condition"":""equals"",""entry_price"":""8601.50"",""pattern_type"":""buy"",""cmp"":""8543.00"",""price_key"":""stk_DL03_N"",""target_price"":""8849"",""target_return_prcnt"":""2.88"",""stoploss_price"":""8476"",""stoploss_prcnt"":""1.46"",""ind_id"":""-1"",""expiry_date"":null,""timeline"":[{""pattern_img"":{""1200x600"":""https://images.moneycontrol.com/technical_picks_cms/178763186888.png""},""rationale"":""The Symmetrical Triangle breakout shows bullish continuation, with price moving above the resistance and maintaining the broader uptrend."",""action_type"":""add"",""created_at"":""2026-08-25 09:54:30"",""updated_at"":""2026-08-25 09:54:30""}]}",New,1795,,https://images.moneycontrol.com/technical_picks_cms/174590992182.png,2026-08-25 10:19:38,2026-08-25 09:54:30,1787633378,1787631870,,,mc_pro_plus,Y,3
21,,,nse,Horizontal Trendline,Resistance Breakout,1 hour,,N,0,2026-09-18,"{""chart_type"":""mc_pro_plus"",""sc_name"":"""",""sc_symbol"":"""",""sc_scripcode"":"""",""instrument_type_code"":"""",""entry_condition"":""equals"",""entry_price"":""1276.40"",""pattern_type"":""buy"",""cmp"":""1276.40"",""price_key"":""stk_MD04_N"",""target_price"":""1323"",""target_return_prcnt"":""3.65"",""stoploss_price"":""1253"",""stoploss_prcnt"":""1.83"",""ind_id"":""-1"",""expiry_date"":null,""timeline"":[{""pattern_img"":{""1200x600"":""https://images.moneycontrol.com/technical_picks_cms/178763331422.png""},""rationale"":""Price has broken above the horizontal resistance, confirming a bullish breakout and signaling strengthening buying momentum."",""action_type"":""add"",""created_at"":""2026-08-25 10:18:36"",""updated_at"":""2026-08-25 10:18:36""}]}",New,1796,,https://images.moneycontrol.com/technical_picks_cms/174590992182.png,2026-08-25 10:18:36,2026-08-25 10:18:36,1787633316,1787633316,,,mc_pro_plus,Y,3
21,,,nse,Rectangle Pattern,Bullish Breakout,2 hours,,N,0,2026-09-25,"{""chart_type"":""mc_pro_plus"",""sc_name"":"""",""sc_symbol"":"""",""sc_scripcode"":"""",""instrument_type_code"":"""",""entry_condition"":""equals"",""entry_price"":""687.00"",""pattern_type"":""buy"",""cmp"":""687.00"",""price_key"":""stk_D04_N"",""target_price"":""742"",""target_return_prcnt"":""8.01"",""stoploss_price"":""658"",""stoploss_prcnt"":""4.22"",""ind_id"":""-1"",""expiry_date"":null,""timeline"":[{""pattern_img"":{""1200x600"":""https://images.moneycontrol.com/technical_picks_cms/178755907487.png""},""rationale"":""The Rectangle pattern has broken above resistance, confirming a bullish breakout and signaling renewed buying momentum."",""action_type"":""add"",""created_at"":""2026-08-24 13:41:16"",""updated_at"":""2026-08-24 13:41:16""}]}",New,1794,,https://images.moneycontrol.com/technical_picks_cms/174590992182.png,2026-08-24 13:41:16,2026-08-24 13:41:16,1787559076,1787559076,,,mc_pro_plus,Y,3
21,,,nse,Horizontal Trendline,Breakout Retest and Volumes,1 day,,N,0,2026-10-02,"{""chart_type"":""mc_pro_plus"",""sc_name"":"""",""sc_symbol"":"""",""sc_scripcode"":"""",""instrument_type_code"":"""",""entry_condition"":""equals"",""entry_price"":""124.03"",""pattern_type"":""buy"",""cmp"":""123.85"",""price_key"":""stk_PL10_N"",""target_price"":""140"",""target_return_prcnt"":""12.88"",""stoploss_price"":""117"",""stoploss_prcnt"":""5.67"",""ind_id"":""-1"",""expiry_date"":null,""timeline"":[{""pattern_img"":{""1200x600"":""https://images.moneycontrol.com/technical_picks_cms/178755100617.png""},""rationale"":""Price has retested the breakout level and reversed higher with strong volume, confirming the breakout and signaling renewed bullish momentum."",""action_type"":""add"",""created_at"":""2026-08-24 11:26:53"",""updated_at"":""2026-08-24 11:26:53""}]}",New,1793,,https://images.moneycontrol.com/technical_picks_cms/174590992182.png,2026-08-24 11:27:15,2026-08-24 11:26:53,1787551035,1787551013,,,mc_pro_plus,Y,3
21,,,nse,Falling Trendline,Bullish Reversal,1 day,,N,0,2026-10-09,"{""chart_type"":""mc_pro_plus"",""sc_name"":"""",""sc_symbol"":"""",""sc_scripcode"":"""",""instrument_type_code"":"""",""entry_condition"":""equals"",""entry_price"":""3165.30"",""pattern_type"":""buy"",""cmp"":""3165.30"",""price_key"":""stk_MF19_N"",""target_price"":""3589"",""target_return_prcnt"":""13.39"",""stoploss_price"":""2909"",""stoploss_prcnt"":""8.10"",""ind_id"":""-1"",""expiry_date"":null,""timeline"":[{""pattern_img"":{""1200x600"":""https://images.moneycontrol.com/technical_picks_cms/178754808927.png""},""rationale"":""Price has moved above the falling trendline, signaling a potential bullish reversal as buyers regain control and momentum strengthens."",""action_type"":""add"",""created_at"":""2026-08-24 10:38:11"",""updated_at"":""2026-08-24 10:38:11""}]}",New,1792,,https://images.moneycontrol.com/technical_picks_cms/174590992182.png,2026-08-24 10:38:11,2026-08-24 10:38:11,1787548091,1787548091,,,mc_pro_plus,Y,3
21,,,nse,Symmetrical Triangle,Bullish Continuation,2 hours,,N,0,2026-09-11,"{""chart_type"":""mc_pro_plus"",""sc_name"":"""",""sc_symbol"":"""",""sc_scripcode"":"""",""instrument_type_code"":"""",""entry_condition"":""equals"",""entry_price"":""917.40"",""pattern_type"":""buy"",""cmp"":""917.40"",""price_key"":""indices_i_in;crl"",""target_price"":""940"",""target_return_prcnt"":""2.46"",""stoploss_price"":""905"",""stoploss_prcnt"":""1.35"",""ind_id"":""34"",""expiry_date"":null,""timeline"":[{""pattern_img"":{""1200x600"":""https://images.moneycontrol.com/technical_picks_cms/178754485485.png""},""rationale"":""Symmetrical Triangle signals bullish continuation, while RSI above 60 confirms strong momentum and supports the prevailing uptrend."",""action_type"":""add"",""created_at"":""2026-08-24 09:44:15"",""updated_at"":""2026-08-24 09:44:15""}]}",New,1791,,https://images.moneycontrol.com/technical_picks_cms/174590992182.png,2026-08-24 09:44:15,2026-08-24 09:44:15,1787544855,1787544855,,,mc_pro_plus,Y,3
21,,,nse,Symmetrical Triangle Breakout,Bullish Breakout,1 hour,,N,0,2026-09-16,"{""chart_type"":""mc_pro_plus"",""sc_name"":"""",""sc_symbol"":"""",""sc_scripcode"":"""",""instrument_type_code"":"""",""entry_condition"":""equals"",""entry_price"":""1105.40"",""pattern_type"":""buy"",""cmp"":""1105.40"",""price_key"":""stk_ASF03_N"",""target_price"":""1160"",""target_return_prcnt"":""4.94"",""stoploss_price"":""1080"",""stoploss_prcnt"":""2.30"",""ind_id"":""-1"",""expiry_date"":null,""timeline"":[{""pattern_img"":{""1200x600"":""https://images.moneycontrol.com/technical_picks_cms/178729338522.png""},""rationale"":""The symmetrical triangle breakout on the north indicates bullish trend resumption."",""action_type"":""add"",""created_at"":""2026-08-21 11:53:06"",""updated_at"":""2026-08-21 11:53:06""}]}",New,1790,,https://images.moneycontrol.com/technical_picks_cms/174590992182.png,2026-08-21 11:53:06,2026-08-21 11:53:06,1787293386,1787293386,,,mc_pro_plus,Y,3
21,,,nse,Bullish Divergence + Reversal Pattern,Bullish Reversal,1 hour,,N,0,2026-09-15,"{""chart_type"":""mc_pro_plus"",""sc_name"":"""",""sc_symbol"":"""",""sc_scripcode"":"""",""instrument_type_code"":"""",""entry_condition"":""equals"",""entry_price"":""2300.10"",""pattern_type"":""buy"",""cmp"":""2300.10"",""price_key"":""stk_TCS_N"",""target_price"":""2385"",""target_return_prcnt"":""3.69"",""stoploss_price"":""2260"",""stoploss_prcnt"":""1.74"",""ind_id"":""-1"",""expiry_date"":null,""timeline"":[{""pattern_img"":{""1200x600"":""https://images.moneycontrol.com/technical_picks_cms/178729146984.png""},""rationale"":""The bullish divergence on the RSI is followed by bullish reversal candlestick pattern called Hammer."",""action_type"":""add"",""created_at"":""2026-08-21 11:21:10"",""updated_at"":""2026-08-21 11:21:10""}]}",New,1789,,https://images.moneycontrol.com/technical_picks_cms/174590992182.png,2026-08-21 11:21:10,2026-08-21 11:21:10,1787291470,1787291470,,,mc_pro_plus,Y,3
21,,,nse,Horizontal Trendline,Bullish Breakout,4 hours,,N,0,2026-09-25,"{""chart_type"":""mc_pro_plus"",""sc_name"":"""",""sc_symbol"":"""",""sc_scripcode"":"""",""instrument_type_code"":"""",""entry_condition"":""equals"",""entry_price"":""405.75"",""pattern_type"":""buy"",""cmp"":""405.75"",""price_key"":""stk_ASH02_N"",""target_price"":""441"",""target_return_prcnt"":""8.69"",""stoploss_price"":""387"",""stoploss_prcnt"":""4.62"",""ind_id"":""-1"",""expiry_date"":null,""timeline"":[{""pattern_img"":{""1200x600"":""https://images.moneycontrol.com/technical_picks_cms/178728719070.png""},""rationale"":""Price has broken above the horizontal trendline resistance, confirming a bullish breakout and signaling renewed buying momentum."",""action_type"":""add"",""created_at"":""2026-08-21 10:09:51"",""updated_at"":""2026-08-21 10:09:51""}]}",New,1787,,https://images.moneycontrol.com/technical_picks_cms/174590992182.png,2026-08-21 10:09:51,2026-08-21 10:09:51,1787287191,1787287191,,,mc_pro_plus,Y,3
21,,,nse,Ascending Triangle,Bullish Reversal,1 day,,N,0,2026-09-04,"{""chart_type"":""mc_pro_plus"",""sc_name"":"""",""sc_symbol"":"""",""sc_scripcode"":"""",""instrument_type_code"":"""",""entry_condition"":""equals"",""entry_price"":""611.70"",""pattern_type"":""buy"",""cmp"":""625.25"",""price_key"":""stk_BE08_N"",""target_price"":""675"",""target_return_prcnt"":""10.35"",""stoploss_price"":""568"",""stoploss_prcnt"":""7.14"",""ind_id"":""-1"",""expiry_date"":null,""timeline"":[{""pattern_img"":{""1200x600"":""https://images.moneycontrol.com/technical_picks_cms/178634572369.png""},""rationale"":""Ascending Triangle pattern has broken above resistance, confirming the bullish reversal and signaling strong buying momentum."",""action_type"":""add"",""created_at"":""2026-08-10 12:38:44"",""updated_at"":""2026-08-10 12:38:44""},{""pattern_img"":{""1200x600"":""https://images.moneycontrol.com/technical_picks_cms/178721966838.png""},""rationale"":""Previous high breakout."",""action_type"":""update"",""created_at"":""2026-08-20 15:24:30"",""updated_at"":""2026-08-20 15:24:30""}]}",Updated,1756,,https://images.moneycontrol.com/technical_picks_cms/174590992182.png,2026-08-20 15:24:30,2026-08-10 12:38:44,1787219670,1786345724,,,mc_pro_plus,Y,3
21,,,nse,Ascending Triangle,Resistance Breakout,1 day,,N,0,2026-09-25,"{""chart_type"":""mc_pro_plus"",""sc_name"":"""",""sc_symbol"":"""",""sc_scripcode"":"""",""instrument_type_code"":"""",""entry_condition"":""equals"",""entry_price"":""1730.10"",""pattern_type"":""buy"",""cmp"":""1730.10"",""price_key"":""stk_AI72_N"",""target_price"":""1947"",""target_return_prcnt"":""12.54"",""stoploss_price"":""1590"",""stoploss_prcnt"":""8.10"",""ind_id"":""-1"",""expiry_date"":null,""timeline"":[{""pattern_img"":{""1200x600"":""https://images.moneycontrol.com/technical_picks_cms/178720821554.png""},""rationale"":""The Ascending Triangle has broken above resistance, confirming a bullish breakout and signaling strong buying momentum."",""action_type"":""add"",""created_at"":""2026-08-20 12:13:37"",""updated_at"":""2026-08-20 12:13:37""}]}",New,1786,,https://images.moneycontrol.com/technical_picks_cms/174590992182.png,2026-08-20 12:13:37,2026-08-20 12:13:37,1787208217,1787208217,,,mc_pro_plus,Y,3
21,,,nse,Rectangle Pattern,Bullish Breakout,2 hours,,N,0,2026-09-25,"{""chart_type"":""mc_pro_plus"",""sc_name"":"""",""sc_symbol"":"""",""sc_scripcode"":"""",""instrument_type_code"":"""",""entry_condition"":""equals"",""entry_price"":""14700.00"",""pattern_type"":""buy"",""cmp"":""14700.00"",""price_key"":""stk_DT07_N"",""target_price"":""15633"",""target_return_prcnt"":""6.35"",""stoploss_price"":""14309"",""stoploss_prcnt"":""2.66"",""ind_id"":""-1"",""expiry_date"":null,""timeline"":[{""pattern_img"":{""1200x600"":""https://images.moneycontrol.com/technical_picks_cms/178719999568.png""},""rationale"":""The Rectangle pattern has broken above resistance, confirming a bullish breakout and signaling renewed buying momentum."",""action_type"":""add"",""created_at"":""2026-08-20 09:56:36"",""updated_at"":""2026-08-20 09:56:36""}]}",New,1784,,https://images.moneycontrol.com/technical_picks_cms/174590992182.png,2026-08-20 09:56:36,2026-08-20 09:56:36,1787199996,1787199996,,,mc_pro_plus,Y,3
21,,,nse,Rectangle Pattern,Resistance Breakout,1 week,,N,0,2026-10-09,"{""chart_type"":""mc_pro_plus"",""sc_name"":"""",""sc_symbol"":"""",""sc_scripcode"":"""",""instrument_type_code"":"""",""entry_condition"":""equals"",""entry_price"":""180.46"",""pattern_type"":""buy"",""cmp"":""180.46"",""price_key"":""stk_WI03_N"",""target_price"":""210"",""target_return_prcnt"":""16.37"",""stoploss_price"":""165"",""stoploss_prcnt"":""8.57"",""ind_id"":""-1"",""expiry_date"":null,""timeline"":[{""pattern_img"":{""1200x600"":""https://images.moneycontrol.com/technical_picks_cms/178712864894.png""},""rationale"":""Price has broken above the rectangle pattern, with a higher volume confirming the breakout."",""action_type"":""add"",""created_at"":""2026-08-19 14:07:29"",""updated_at"":""2026-08-19 14:07:29""}]}",New,1783,,https://images.moneycontrol.com/technical_picks_cms/174590992182.png,2026-08-19 14:07:29,2026-08-19 14:07:29,1787128649,1787128649,,,mc_pro_plus,Y,3
21,,,nse,50DEMA Support,Bullish Chart Pattern,1 day,,N,0,2027-01-26,"{""chart_type"":""mc_pro_plus"",""sc_name"":"""",""sc_symbol"":"""",""sc_scripcode"":"""",""instrument_type_code"":"""",""entry_condition"":""equals"",""entry_price"":""1892.90"",""pattern_type"":""buy"",""cmp"":""1892.90"",""price_key"":""stk_EPL_N"",""target_price"":""2000"",""target_return_prcnt"":""5.66"",""stoploss_price"":""1820"",""stoploss_prcnt"":""3.85"",""ind_id"":""-1"",""expiry_date"":null,""timeline"":[{""pattern_img"":{""1200x600"":""https://images.moneycontrol.com/technical_picks_cms/178711361483.png""},""rationale"":""The stock price is trending bullish with higher high - higher low pattern and 50DEMA support."",""action_type"":""add"",""created_at"":""2026-08-19 09:56:56"",""updated_at"":""2026-08-19 09:56:56""}]}",New,1782,,https://images.moneycontrol.com/technical_picks_cms/174590992182.png,2026-08-19 09:56:56,2026-08-19 09:56:56,1787113616,1787113616,,,mc_pro_plus,Y,3
21,,,nse,Inverted Head& Shoulder,Bullish Reversal,2 hours,,N,0,2026-09-18,"{""chart_type"":""mc_pro_plus"",""sc_name"":"""",""sc_symbol"":"""",""sc_scripcode"":"""",""instrument_type_code"":"""",""entry_condition"":""equals"",""entry_price"":""80.94"",""pattern_type"":""buy"",""cmp"":""80.94"",""price_key"":""stk_IFC_N"",""target_price"":""90"",""target_return_prcnt"":""11.19"",""stoploss_price"":""75"",""stoploss_prcnt"":""7.34"",""ind_id"":""-1"",""expiry_date"":null,""timeline"":[{""pattern_img"":{""1200x600"":""https://images.moneycontrol.com/technical_picks_cms/178703056670.png""},""rationale"":""The Inverted Head & Shoulders pattern has broken above the neckline, confirming the bullish reversal and signaling strengthening upward momentum."",""action_type"":""add"",""created_at"":""2026-08-18 10:52:47"",""updated_at"":""2026-08-18 10:52:47""}]}",New,1779,,https://images.moneycontrol.com/technical_picks_cms/174590992182.png,2026-08-18 10:52:47,2026-08-18 10:52:47,1787030567,1787030567,,,mc_pro_plus,Y,3
21,,,nse,Symmetrical Triangle,On the Verge of Breakout,1 week,,N,0,2026-10-09,"{""chart_type"":""mc_pro_plus"",""sc_name"":"""",""sc_symbol"":"""",""sc_scripcode"":"""",""instrument_type_code"":"""",""entry_condition"":""equals"",""entry_price"":""1740.80"",""pattern_type"":""buy"",""cmp"":""1740.80"",""price_key"":""stk_PF15_N"",""target_price"":""1974"",""target_return_prcnt"":""13.40"",""stoploss_price"":""1595"",""stoploss_prcnt"":""8.38"",""ind_id"":""-1"",""expiry_date"":null,""timeline"":[{""pattern_img"":{""1200x600"":""https://images.moneycontrol.com/technical_picks_cms/178702729071.png""},""rationale"":""Symmetrical Triangle has formed over nearly 1.5 years and is now nearing a breakout; a move above resistance could trigger strong bullish momentum."",""action_type"":""add"",""created_at"":""2026-08-18 09:58:11"",""updated_at"":""2026-08-18 09:58:11""}]}",New,1778,,https://images.moneycontrol.com/technical_picks_cms/174590992182.png,2026-08-18 09:58:11,2026-08-18 09:58:11,1787027291,1787027291,,,mc_pro_plus,Y,3
21,,,nse,Horizontal Trendline,Bullish Breakout,1 hour,,N,0,2026-09-11,"{""chart_type"":""mc_pro_plus"",""sc_name"":"""",""sc_symbol"":"""",""sc_scripcode"":"""",""instrument_type_code"":"""",""entry_condition"":""equals"",""entry_price"":""1697.00"",""pattern_type"":""buy"",""cmp"":""1697.00"",""price_key"":""stk_TTL03_N"",""target_price"":""1773"",""target_return_prcnt"":""4.48"",""stoploss_price"":""1628"",""stoploss_prcnt"":""4.07"",""ind_id"":""-1"",""expiry_date"":null,""timeline"":[{""pattern_img"":{""1200x600"":""https://images.moneycontrol.com/technical_picks_cms/178695504833.png""},""rationale"":""Price moved sideways under a horizontal resistance and now the price has broken above it showing a bullish breakout."",""action_type"":""add"",""created_at"":""2026-08-17 13:54:09"",""updated_at"":""2026-08-17 13:54:09""}]}",New,1776,,https://images.moneycontrol.com/technical_picks_cms/174590992182.png,2026-08-17 13:54:09,2026-08-17 13:54:09,1786955049,1786955049,,,mc_pro_plus,Y,3
21,,,nse,Falling Trendline,Bullish Reversal,1 day,,N,0,2026-09-11,"{""chart_type"":""mc_pro_plus"",""sc_name"":"""",""sc_symbol"":"""",""sc_scripcode"":"""",""instrument_type_code"":"""",""entry_condition"":""equals"",""entry_price"":""3614.70"",""pattern_type"":""buy"",""cmp"":""3614.70"",""price_key"":""stk_SI48_N"",""target_price"":""4049"",""target_return_prcnt"":""12.01"",""stoploss_price"":""3378"",""stoploss_prcnt"":""6.55"",""ind_id"":""-1"",""expiry_date"":null,""timeline"":[{""pattern_img"":{""1200x600"":""https://images.moneycontrol.com/technical_picks_cms/178694102088.png""},""rationale"":""After nearly a year below the falling trendline, price has broken above it, signaling a potential bullish reversal and a shift in momentum toward buyers."",""action_type"":""add"",""created_at"":""2026-08-17 10:00:21"",""updated_at"":""2026-08-17 10:00:21""}]}",New,1773,,https://images.moneycontrol.com/technical_picks_cms/174590992182.png,2026-08-17 10:00:21,2026-08-17 10:00:21,1786941021,1786941021,,,mc_pro_plus,Y,3
21,,,nse,Falling Trendline,Bullish Reversal,4 hours,,N,0,2026-09-18,"{""chart_type"":""mc_pro_plus"",""sc_name"":"""",""sc_symbol"":"""",""sc_scripcode"":"""",""instrument_type_code"":"""",""entry_condition"":""equals"",""entry_price"":""386.70"",""pattern_type"":""buy"",""cmp"":""386.70"",""price_key"":""stk_BI26_N"",""target_price"":""416"",""target_return_prcnt"":""7.58"",""stoploss_price"":""367"",""stoploss_prcnt"":""5.09"",""ind_id"":""-1"",""expiry_date"":null,""timeline"":[{""pattern_img"":{""1200x600"":""https://images.moneycontrol.com/technical_picks_cms/178669659859.png""},""rationale"":""Price has broken above the falling trendline, signaling a potential bullish reversal as buyers regain control and momentum strengthens."",""action_type"":""add"",""created_at"":""2026-08-14 14:06:39"",""updated_at"":""2026-08-14 14:06:39""}]}",New,1772,,https://images.moneycontrol.com/technical_picks_cms/174590992182.png,2026-08-14 14:06:39,2026-08-14 14:06:39,1786696599,1786696599,,,mc_pro_plus,Y,3
21,,,nse,Falling Trendline,Previous Swing High Breakout,1 day,,N,0,2026-10-02,"{""chart_type"":""mc_pro_plus"",""sc_name"":"""",""sc_symbol"":"""",""sc_scripcode"":"""",""instrument_type_code"":"""",""entry_condition"":""equals"",""entry_price"":""531.70"",""pattern_type"":""buy"",""cmp"":""531.70"",""price_key"":""stk_CCI_N"",""target_price"":""615"",""target_return_prcnt"":""15.67"",""stoploss_price"":""496"",""stoploss_prcnt"":""6.71"",""ind_id"":""-1"",""expiry_date"":null,""timeline"":[{""pattern_img"":{""1200x600"":""https://images.moneycontrol.com/technical_picks_cms/178668475497.png""},""rationale"":""Price has broken above the falling trendline and the previous swing high, confirming a bullish reversal and strengthening the upside momentum."",""action_type"":""add"",""created_at"":""2026-08-14 10:49:16"",""updated_at"":""2026-08-14 10:49:16""}]}",New,1770,,https://images.moneycontrol.com/technical_picks_cms/174590992182.png,2026-08-14 10:49:16,2026-08-14 10:49:16,1786684756,1786684756,,,mc_pro_plus,Y,3
21,,,nse,Ascending Triangle,Bullish Breakout,4 hours,,N,0,2026-09-18,"{""chart_type"":""mc_pro_plus"",""sc_name"":"""",""sc_symbol"":"""",""sc_scripcode"":"""",""instrument_type_code"":"""",""entry_condition"":""equals"",""entry_price"":""1486.60"",""pattern_type"":""buy"",""cmp"":""1486.60"",""price_key"":""stk_VDC01_N"",""target_price"":""1660"",""target_return_prcnt"":""11.66"",""stoploss_price"":""1408"",""stoploss_prcnt"":""5.29"",""ind_id"":""-1"",""expiry_date"":null,""timeline"":[{""pattern_img"":{""1200x600"":""https://images.moneycontrol.com/technical_picks_cms/178650807790.png""},""rationale"":""Ascending Triangle pattern has broken above resistance, confirming a bullish breakout and signaling strong buying momentum."",""action_type"":""add"",""created_at"":""2026-08-12 09:44:38"",""updated_at"":""2026-08-12 09:44:38""}]}",New,1760,,https://images.moneycontrol.com/technical_picks_cms/174590992182.png,2026-08-12 09:44:38,2026-08-12 09:44:38,1786508078,1786508078,,,mc_pro_plus,Y,3
21,,,nse,Ascending Triangle,Bullish Breakout,30 mins,,N,0,2026-09-04,"{""chart_type"":""mc_pro_plus"",""sc_name"":"""",""sc_symbol"":"""",""sc_scripcode"":"""",""instrument_type_code"":"""",""entry_condition"":""equals"",""entry_price"":""8084.00"",""pattern_type"":""buy"",""cmp"":""8084.00"",""price_key"":""stk_EM_N"",""target_price"":""8270"",""target_return_prcnt"":""2.30"",""stoploss_price"":""7975"",""stoploss_prcnt"":""1.35"",""ind_id"":""-1"",""expiry_date"":null,""timeline"":[{""pattern_img"":{""1200x600"":""https://images.moneycontrol.com/technical_picks_cms/178642188090.png""},""rationale"":""The Ascending Triangle pattern has broken above resistance, confirming a bullish breakout and signaling strengthening buying momentum."",""action_type"":""add"",""created_at"":""2026-08-11 09:48:01"",""updated_at"":""2026-08-11 09:48:01""}]}",New,1758,,https://images.moneycontrol.com/technical_picks_cms/174590992182.png,2026-08-11 09:48:01,2026-08-11 09:48:01,1786421881,1786421881,,,mc_pro_plus,Y,3
21,,,nse,Horizontal Resistance,Breakout Retest,2 hours,,N,0,2026-09-04,"{""chart_type"":""mc_pro_plus"",""sc_name"":"""",""sc_symbol"":"""",""sc_scripcode"":"""",""instrument_type_code"":"""",""entry_condition"":""equals"",""entry_price"":""1891.00"",""pattern_type"":""buy"",""cmp"":""1891.50"",""price_key"":""stk_CIF01_N"",""target_price"":""1952"",""target_return_prcnt"":""3.23"",""stoploss_price"":""1854"",""stoploss_prcnt"":""1.96"",""ind_id"":""-1"",""expiry_date"":null,""timeline"":[{""pattern_img"":{""1200x600"":""https://images.moneycontrol.com/technical_picks_cms/178634019362.png""},""rationale"":""Price has broken above the horizontal resistance and successfully retested the level, confirming the breakout and strengthening the bullish setup."",""action_type"":""add"",""created_at"":""2026-08-10 10:59:53"",""updated_at"":""2026-08-10 11:06:34""}]}",New,1755,,https://images.moneycontrol.com/technical_picks_cms/174590992182.png,2026-08-10 11:06:34,2026-08-10 10:59:53,1786340194,1786339793,,,mc_pro_plus,Y,3
21,,,nse,Rising Trendline,Bullish Reversal,4 hours,,N,0,2026-09-04,"{""chart_type"":""mc_pro_plus"",""sc_name"":"""",""sc_symbol"":"""",""sc_scripcode"":"""",""instrument_type_code"":"""",""entry_condition"":""equals"",""entry_price"":""736.80"",""pattern_type"":""buy"",""cmp"":""736.80"",""price_key"":""stk_HDF01_N"",""target_price"":""788"",""target_return_prcnt"":""6.95"",""stoploss_price"":""720"",""stoploss_prcnt"":""2.28"",""ind_id"":""-1"",""expiry_date"":null,""timeline"":[{""pattern_img"":{""1200x600"":""https://images.moneycontrol.com/technical_picks_cms/178633834157.png""},""rationale"":""Price has reversed from the rising trendline support, showing buyers are defending the uptrend and bullish momentum is returning."",""action_type"":""add"",""created_at"":""2026-08-10 10:35:42"",""updated_at"":""2026-08-10 10:35:42""}]}",New,1754,,https://images.moneycontrol.com/technical_picks_cms/174590992182.png,2026-08-10 10:35:42,2026-08-10 10:35:42,1786338342,1786338342,,,mc_pro_plus,Y,3
21,,,nse,All- Time high Brekout,Resistance Breakout,2 hours,,N,0,2026-08-28,"{""chart_type"":""mc_pro_plus"",""sc_name"":"""",""sc_symbol"":"""",""sc_scripcode"":"""",""instrument_type_code"":"""",""entry_condition"":""equals"",""entry_price"":""1651.20"",""pattern_type"":""buy"",""cmp"":""1651.20"",""price_key"":""stk_AP_N"",""target_price"":""1752"",""target_return_prcnt"":""6.10"",""stoploss_price"":""1584"",""stoploss_prcnt"":""4.07"",""ind_id"":""-1"",""expiry_date"":null,""timeline"":[{""pattern_img"":{""1200x600"":""https://images.moneycontrol.com/technical_picks_cms/178609226953.png""},""rationale"":""Price has broken above its all-time high, confirming a strong bullish breakout and price discovery."",""action_type"":""add"",""created_at"":""2026-08-07 14:14:30"",""updated_at"":""2026-08-07 14:14:30""}]}",New,1752,,https://images.moneycontrol.com/technical_picks_cms/174590992182.png,2026-08-07 14:14:30,2026-08-07 14:14:30,1786092270,1786092270,,,mc_pro_plus,Y,3
21,,,nse,Falling Trendline,Bullish Reversal,1 week,,N,0,2026-10-02,"{""chart_type"":""mc_pro_plus"",""sc_name"":"""",""sc_symbol"":"""",""sc_scripcode"":"""",""instrument_type_code"":"""",""entry_condition"":""equals"",""entry_price"":""4600.00"",""pattern_type"":""buy"",""cmp"":""4600.00"",""price_key"":""stk_CRI_N"",""target_price"":""5885"",""target_return_prcnt"":""27.93"",""stoploss_price"":""3827"",""stoploss_prcnt"":""16.80"",""ind_id"":""-1"",""expiry_date"":null,""timeline"":[{""pattern_img"":{""1200x600"":""https://images.moneycontrol.com/technical_picks_cms/178609140339.png""},""rationale"":""Price has ended a 1.5-year downtrend by breaking above the falling trendline, indicating renewed bullish momentum."",""action_type"":""add"",""created_at"":""2026-08-07 14:00:05"",""updated_at"":""2026-08-07 14:00:05""}]}",New,1751,,https://images.moneycontrol.com/technical_picks_cms/174590992182.png,2026-08-07 14:00:05,2026-08-07 14:00:05,1786091405,1786091405,,,mc_pro_plus,Y,3
21,,,nse,Breakdown Retest,Bearish Trend Resumption,1 day,,N,0,2026-08-25,"{""chart_type"":""mc_pro_plus"",""sc_name"":"""",""sc_symbol"":"""",""sc_scripcode"":"""",""instrument_type_code"":"""",""entry_condition"":""equals"",""entry_price"":""282.85"",""pattern_type"":""sell"",""cmp"":""282.85"",""price_key"":""futstk_SL23_2026-08-25"",""target_price"":""250"",""target_return_prcnt"":""11.61"",""stoploss_price"":""300"",""stoploss_prcnt"":""6.06"",""ind_id"":""-1"",""expiry_date"":""2026-08-25"",""timeline"":[{""pattern_img"":{""1200x600"":""https://images.moneycontrol.com/technical_picks_cms/178607825089.png""},""rationale"":""The bearish breakdown is retested multiple times, indicating the trend resumption."",""action_type"":""add"",""created_at"":""2026-08-07 10:20:51"",""updated_at"":""2026-08-07 10:20:51""}]}",New,1749,,https://images.moneycontrol.com/technical_picks_cms/174590992182.png,2026-08-07 10:20:51,2026-08-07 10:20:51,1786078251,1786078251,,,mc_pro_plus,Y,3
21,,,nse,3 Years Breakout Retest,Retest of Long Term Breakout,1 day,,N,0,2026-12-31,"{""chart_type"":""mc_pro_plus"",""sc_name"":"""",""sc_symbol"":"""",""sc_scripcode"":"""",""instrument_type_code"":"""",""entry_condition"":""equals"",""entry_price"":""611.95"",""pattern_type"":""buy"",""cmp"":""611.95"",""price_key"":""stk_MSM_N"",""target_price"":""750"",""target_return_prcnt"":""22.56"",""stoploss_price"":""550"",""stoploss_prcnt"":""10.12"",""ind_id"":""-1"",""expiry_date"":null,""timeline"":[{""pattern_img"":{""1200x600"":""https://images.moneycontrol.com/technical_picks_cms/178607773389.png""},""rationale"":""The 3-year Ascending Triangle breakout has been retested on the chart, indicating the probable bullish trend for investors."",""action_type"":""add"",""created_at"":""2026-08-07 10:12:14"",""updated_at"":""2026-08-07 10:12:14""}]}",New,1748,,https://images.moneycontrol.com/technical_picks_cms/174590992182.png,2026-08-07 10:12:14,2026-08-07 10:12:14,1786077734,1786077734,,,mc_pro_plus,Y,3
21,,,nse,Symmetrical Triangle Breakout,Consolidation Breakout,1 hour,,N,0,2026-08-28,"{""chart_type"":""mc_pro_plus"",""sc_name"":"""",""sc_symbol"":"""",""sc_scripcode"":"""",""instrument_type_code"":"""",""entry_condition"":""equals"",""entry_price"":""132.23"",""pattern_type"":""buy"",""cmp"":""132.23"",""price_key"":""stk_CB06_N"",""target_price"":""140"",""target_return_prcnt"":""5.88"",""stoploss_price"":""128"",""stoploss_prcnt"":""3.20"",""ind_id"":""-1"",""expiry_date"":null,""timeline"":[{""pattern_img"":{""1200x600"":""https://images.moneycontrol.com/technical_picks_cms/178607728267.png""},""rationale"":""The symmetrical triangle breakout indicates an end of consolidation and beginning of the new trend."",""action_type"":""add"",""created_at"":""2026-08-07 10:04:43"",""updated_at"":""2026-08-07 10:04:43""}]}",New,1747,,https://images.moneycontrol.com/technical_picks_cms/174590992182.png,2026-08-07 10:04:43,2026-08-07 10:04:43,1786077283,1786077283,,,mc_pro_plus,Y,3
21,,,nse,Horizontal Trendline,Bullish Breakout,2 hours,,N,0,2026-08-28,"{""chart_type"":""mc_pro_plus"",""sc_name"":"""",""sc_symbol"":"""",""sc_scripcode"":"""",""instrument_type_code"":"""",""entry_condition"":""equals"",""entry_price"":""588.00"",""pattern_type"":""buy"",""cmp"":""588.00"",""price_key"":""stk_AII01_N"",""target_price"":""668"",""target_return_prcnt"":""13.61"",""stoploss_price"":""543"",""stoploss_prcnt"":""7.65"",""ind_id"":""-1"",""expiry_date"":null,""timeline"":[{""pattern_img"":{""1200x600"":""https://images.moneycontrol.com/technical_picks_cms/178599872855.png""},""rationale"":""After multiple tests of the resistance zone, price has finally confirmed a bullish breakout."",""action_type"":""add"",""created_at"":""2026-08-06 12:15:29"",""updated_at"":""2026-08-06 12:15:29""}]}",New,1745,,https://images.moneycontrol.com/technical_picks_cms/174590992182.png,2026-08-06 12:15:29,2026-08-06 12:15:29,1785998729,1785998729,,,mc_pro_plus,Y,3
21,,,nse,Horizontal Trendline,Previous Swing High Breakout,4 hours,,N,0,2026-08-28,"{""chart_type"":""mc_pro_plus"",""sc_name"":"""",""sc_symbol"":"""",""sc_scripcode"":"""",""instrument_type_code"":"""",""entry_condition"":""equals"",""entry_price"":""115.00"",""pattern_type"":""buy"",""cmp"":""115.00"",""price_key"":""stk_PNB05_N"",""target_price"":""122"",""target_return_prcnt"":""6.09"",""stoploss_price"":""110"",""stoploss_prcnt"":""4.35"",""ind_id"":""-1"",""expiry_date"":null,""timeline"":[{""pattern_img"":{""1200x600"":""https://images.moneycontrol.com/technical_picks_cms/178590280711.png""},""rationale"":""Price has cleared the horizontal resistance and followed through by breaking the previous swing high, confirming strong bullish momentum."",""action_type"":""add"",""created_at"":""2026-08-05 09:36:48"",""updated_at"":""2026-08-05 09:36:48""}]}",New,1739,,https://images.moneycontrol.com/technical_picks_cms/174590992182.png,2026-08-05 09:36:48,2026-08-05 09:36:48,1785902808,1785902808,,,mc_pro_plus,Y,3
21,,,nse,Horizontal Trendline,Bullish Reversal,1 day,,N,0,2026-08-28,"{""chart_type"":""mc_pro_plus"",""sc_name"":"""",""sc_symbol"":"""",""sc_scripcode"":"""",""instrument_type_code"":"""",""entry_condition"":""equals"",""entry_price"":""11560.00"",""pattern_type"":""buy"",""cmp"":""11560.00"",""price_key"":""stk_BA_N"",""target_price"":""13010"",""target_return_prcnt"":""12.54"",""stoploss_price"":""10927"",""stoploss_prcnt"":""5.48"",""ind_id"":""-1"",""expiry_date"":null,""timeline"":[{""pattern_img"":{""1200x600"":""https://images.moneycontrol.com/technical_picks_cms/178573661849.png""},""rationale"":""A horizontal trendline with price moving above the resistance, indicates a bullish reversal pattern."",""action_type"":""add"",""created_at"":""2026-08-03 11:26:59"",""updated_at"":""2026-08-03 11:26:59""}]}",New,1730,,https://images.moneycontrol.com/technical_picks_cms/174590992182.png,2026-08-03 11:26:59,2026-08-03 11:26:59,1785736619,1785736619,,,mc_pro_plus,Y,3
21,,,nse,Rectangle Pattern,Bullish Reversal,1 day,,N,0,2026-08-21,"{""chart_type"":""mc_pro_plus"",""sc_name"":"""",""sc_symbol"":"""",""sc_scripcode"":"""",""instrument_type_code"":"""",""entry_condition"":""equals"",""entry_price"":""3429.40"",""pattern_type"":""buy"",""cmp"":""3429.40"",""price_key"":""stk_MM_N"",""target_price"":""3750"",""target_return_prcnt"":""9.35"",""stoploss_price"":""3240"",""stoploss_prcnt"":""5.52"",""ind_id"":""-1"",""expiry_date"":null,""timeline"":[{""pattern_img"":{""1200x600"":""https://images.moneycontrol.com/technical_picks_cms/178547874334.png""},""rationale"":""The breakout from the rectangle pattern signals the end of consolidation and the start of a fresh upward move."",""action_type"":""add"",""created_at"":""2026-07-31 11:49:04"",""updated_at"":""2026-07-31 11:49:04""}]}",New,1727,,https://images.moneycontrol.com/technical_picks_cms/174590992182.png,2026-07-31 11:49:04,2026-07-31 11:49:04,1785478744,1785478744,,,mc_pro_plus,Y,3
21,,,nse,Rising Trendline,Reversal From Support,1 day,,N,0,2026-08-21,"{""chart_type"":""mc_pro_plus"",""sc_name"":"""",""sc_symbol"":"""",""sc_scripcode"":"""",""instrument_type_code"":"""",""entry_condition"":""equals"",""entry_price"":""552.00"",""pattern_type"":""buy"",""cmp"":""552.00"",""price_key"":""stk_JE02_N"",""target_price"":""592"",""target_return_prcnt"":""7.25"",""stoploss_price"":""531"",""stoploss_prcnt"":""3.80"",""ind_id"":""-1"",""expiry_date"":null,""timeline"":[{""pattern_img"":{""1200x600"":""https://images.moneycontrol.com/technical_picks_cms/178547585451.png""},""rationale"":""The rising trendline continues to hold as support, with buyers stepping in to defend the trend."",""action_type"":""add"",""created_at"":""2026-07-31 11:00:55"",""updated_at"":""2026-07-31 11:00:55""}]}",New,1726,,https://images.moneycontrol.com/technical_picks_cms/174590992182.png,2026-07-31 11:00:55,2026-07-31 11:00:55,1785475855,1785475855,,,mc_pro_plus,Y,3
21,,,nse,Ascending Triangle,Bullish Breakout,4 hours,,N,0,2026-08-21,"{""chart_type"":""mc_pro_plus"",""sc_name"":"""",""sc_symbol"":"""",""sc_scripcode"":"""",""instrument_type_code"":"""",""entry_condition"":""equals"",""entry_price"":""16328.20"",""pattern_type"":""buy"",""cmp"":""16328.20"",""price_key"":""indices_i_mc;nindiamfg"",""target_price"":""16950"",""target_return_prcnt"":""3.81"",""stoploss_price"":""16048"",""stoploss_prcnt"":""1.72"",""ind_id"":""133"",""expiry_date"":null,""timeline"":[{""pattern_img"":{""1200x600"":""https://images.moneycontrol.com/technical_picks_cms/178547425785.png""},""rationale"":""Price has broken above the ascending triangle resistance, confirming a bullish breakout and strengthening the uptrend."",""action_type"":""add"",""created_at"":""2026-07-31 10:34:18"",""updated_at"":""2026-07-31 10:34:18""}]}",New,1725,,https://images.moneycontrol.com/technical_picks_cms/174590992182.png,2026-07-31 10:34:18,2026-07-31 10:34:18,1785474258,1785474258,,,mc_pro_plus,Y,3
21,,,nse,Falling Trendline,Bullish Reversal,1 hour,,N,0,2026-08-21,"{""chart_type"":""mc_pro_plus"",""sc_name"":"""",""sc_symbol"":"""",""sc_scripcode"":"""",""instrument_type_code"":"""",""entry_condition"":""equals"",""entry_price"":""395.25"",""pattern_type"":""buy"",""cmp"":""395.25"",""price_key"":""stk_BI26_N"",""target_price"":""414"",""target_return_prcnt"":""4.74"",""stoploss_price"":""387"",""stoploss_prcnt"":""2.09"",""ind_id"":""-1"",""expiry_date"":null,""timeline"":[{""pattern_img"":{""1200x600"":""https://images.moneycontrol.com/technical_picks_cms/178539905966.png""},""rationale"":""The breakout from the falling channel signals the correction may be over, with buyers regaining control."",""action_type"":""add"",""created_at"":""2026-07-30 13:41:01"",""updated_at"":""2026-07-30 13:41:01""}]}",New,1722,,https://images.moneycontrol.com/technical_picks_cms/174590992182.png,2026-07-30 13:41:01,2026-07-30 13:41:01,1785399061,1785399061,,,mc_pro_plus,Y,3
21,,,nse,Horizontal Trendline,Bullish Reversal,4 hours,,N,0,2026-08-21,"{""chart_type"":""mc_pro_plus"",""sc_name"":"""",""sc_symbol"":"""",""sc_scripcode"":"""",""instrument_type_code"":"""",""entry_condition"":""equals"",""entry_price"":""5630.40"",""pattern_type"":""buy"",""cmp"":""5630.40"",""price_key"":""stk_PS15_N"",""target_price"":""6497"",""target_return_prcnt"":""15.39"",""stoploss_price"":""5355"",""stoploss_prcnt"":""4.89"",""ind_id"":""-1"",""expiry_date"":null,""timeline"":[{""pattern_img"":{""1200x600"":""https://images.moneycontrol.com/technical_picks_cms/178538561922.png""},""rationale"":""The breakout above the horizontal trendline signals buyers have regained control, favoring further upside."",""action_type"":""add"",""created_at"":""2026-07-30 09:57:00"",""updated_at"":""2026-07-30 09:57:00""}]}",New,1720,,https://images.moneycontrol.com/technical_picks_cms/174590992182.png,2026-07-30 09:57:01,2026-07-30 09:57:01,1785385621,1785385621,,,mc_pro_plus,Y,3
21,,,nse,Horizontal Trendline,Bullish Breakout,2 hours,,N,0,2026-08-14,"{""chart_type"":""mc_pro_plus"",""sc_name"":"""",""sc_symbol"":"""",""sc_scripcode"":"""",""instrument_type_code"":"""",""entry_condition"":""equals"",""entry_price"":""374.15"",""pattern_type"":""buy"",""cmp"":""374.15"",""price_key"":""stk_REC02_N"",""target_price"":""387"",""target_return_prcnt"":""3.43"",""stoploss_price"":""367"",""stoploss_prcnt"":""1.91"",""ind_id"":""-1"",""expiry_date"":null,""timeline"":[{""pattern_img"":{""1200x600"":""https://images.moneycontrol.com/technical_picks_cms/178530574477.png""},""rationale"":""The breakout above horizontal resistance indicates buyers have taken control, opening the door for further gains."",""action_type"":""add"",""created_at"":""2026-07-29 11:45:45"",""updated_at"":""2026-07-29 11:45:45""}]}",New,1717,,https://images.moneycontrol.com/technical_picks_cms/174590992182.png,2026-07-29 11:45:45,2026-07-29 11:45:45,1785305745,1785305745,,,mc_pro_plus,Y,3
21,,,nse,Falling Channel,Support-Led Breakout,4 hours,,N,0,2026-08-21,"{""chart_type"":""mc_pro_plus"",""sc_name"":"""",""sc_symbol"":"""",""sc_scripcode"":"""",""instrument_type_code"":"""",""entry_condition"":""equals"",""entry_price"":""1480.80"",""pattern_type"":""buy"",""cmp"":""1480.80"",""price_key"":""stk_C_N"",""target_price"":""1587"",""target_return_prcnt"":""7.17"",""stoploss_price"":""1429"",""stoploss_prcnt"":""3.50"",""ind_id"":""-1"",""expiry_date"":null,""timeline"":[{""pattern_img"":{""1200x600"":""https://images.moneycontrol.com/technical_picks_cms/178530380350.png""},""rationale"":""A strong bounce from support followed by a breakout reflects improving buying interest."",""action_type"":""add"",""created_at"":""2026-07-29 11:13:24"",""updated_at"":""2026-07-29 11:13:24""}]}",New,1716,,https://images.moneycontrol.com/technical_picks_cms/174590992182.png,2026-07-29 11:13:24,2026-07-29 11:13:24,1785303804,1785303804,,,mc_pro_plus,Y,3
21,,,nse,Falling Trendline,Bullish Reversal,2 hours,,N,0,2026-09-04,"{""chart_type"":""mc_pro_plus"",""sc_name"":"""",""sc_symbol"":"""",""sc_scripcode"":"""",""instrument_type_code"":"""",""entry_condition"":""equals"",""entry_price"":""317.40"",""pattern_type"":""buy"",""cmp"":""317.40"",""price_key"":""stk_KPI01_N"",""target_price"":""376"",""target_return_prcnt"":""18.46"",""stoploss_price"":""277"",""stoploss_prcnt"":""12.73"",""ind_id"":""-1"",""expiry_date"":null,""timeline"":[{""pattern_img"":{""1200x600"":""https://images.moneycontrol.com/technical_picks_cms/178530306325.png""},""rationale"":""The breakout above the long-standing falling trendline confirms renewed buying interest and a positive shift in momentum."",""action_type"":""add"",""created_at"":""2026-07-29 11:01:04"",""updated_at"":""2026-07-29 11:01:04""}]}",New,1714,,https://images.moneycontrol.com/technical_picks_cms/174590992182.png,2026-07-29 11:01:04,2026-07-29 11:01:04,1785303064,1785303064,,,mc_pro_plus,Y,3
21,,,nse,Descending Triangle,Bullish Reversal,4 hours,,N,0,2026-08-28,"{""chart_type"":""mc_pro_plus"",""sc_name"":"""",""sc_symbol"":"""",""sc_scripcode"":"""",""instrument_type_code"":"""",""entry_condition"":""equals"",""entry_price"":""284.81"",""pattern_type"":""buy"",""cmp"":""284.81"",""price_key"":""stk_SL23_N"",""target_price"":""324"",""target_return_prcnt"":""13.76"",""stoploss_price"":""266"",""stoploss_prcnt"":""6.60"",""ind_id"":""-1"",""expiry_date"":null,""timeline"":[{""pattern_img"":{""1200x600"":""https://images.moneycontrol.com/technical_picks_cms/178530108944.png""},""rationale"":""Price has broken above the descending triangle resistance, indicating the correction may be ending and a bullish reversal is underway."",""action_type"":""add"",""created_at"":""2026-07-29 10:28:10"",""updated_at"":""2026-07-29 10:28:10""}]}",New,1713,,https://images.moneycontrol.com/technical_picks_cms/174590992182.png,2026-07-29 10:28:10,2026-07-29 10:28:10,1785301090,1785301090,,,mc_pro_plus,Y,3
21,,,nse,Bullish Gartley,Bullish Reversal Pattern,1 hour,,N,0,2026-08-07,"{""chart_type"":""mc_pro_plus"",""sc_name"":"""",""sc_symbol"":"""",""sc_scripcode"":"""",""instrument_type_code"":"""",""entry_condition"":""equals"",""entry_price"":""1125.50"",""pattern_type"":""buy"",""cmp"":""1107.00"",""price_key"":""stk_CHC_N"",""target_price"":""1164"",""target_return_prcnt"":""3.42"",""stoploss_price"":""1095"",""stoploss_prcnt"":""2.71"",""ind_id"":""-1"",""expiry_date"":null,""timeline"":[{""pattern_img"":{""1200x600"":""https://images.moneycontrol.com/technical_picks_cms/178478589574.png""},""rationale"":""A Bullish Gartley is a five-point harmonic chart pattern utilizing precise Fibonacci ratios to identify high-probability reversal zone (PRZ)."",""action_type"":""add"",""created_at"":""2026-07-23 11:21:36"",""updated_at"":""2026-07-23 11:21:36""}]}",New,1694,,https://images.moneycontrol.com/technical_picks_cms/174590992182.png,2026-07-24 11:33:01,2026-07-23 11:21:36,1784872981,1784785896,,,mc_pro_plus,Y,3
